"PlayerName","Team","POS","ADP","PA","mAVG","mRBI","mR","mSB","mHR","PTS","aPOS","Dollars"
"Mookie Betts","Red Sox","OF","1.9","667","$50.5","$26.5","$56.0","$41.3","$20.4","$194.8","$46.4","$242.1"
"Mike Trout","Angels","OF","1.1","596","$38.0","$30.5","$47.8","$23.8","$40.7","$180.8","$46.4","$228.2"
"Jose Ramirez","Indians","3B","3.9","657","$24.9","$32.3","$32.9","$36.6","$16.8","$143.5","$48.5","$193.0"
"J.D. Martinez","Red Sox","OF/DH","5.5","592","$37.7","$48.3","$26.2","($12.8)","$40.0","$139.5","$46.4","$186.8"
"Nolan Arenado","Rockies","3B","7.2","654","$27.6","$47.7","$33.0","($14.7)","$42.6","$136.1","$48.5","$185.6"
"Giancarlo Stanton","Yankees","OF/DH","21.5","602","$1.3","$53.2","$29.0","($15.5)","$65.7","$133.7","$46.4","$181.1"
"Francisco Lindor","Indians","SS","14.9","652","$27.7","$18.4","$37.0","$27.7","$20.9","$131.6","$42.6","$175.2"
"Christian Yelich","Brewers","OF","7.2","638","$40.9","$16.3","$29.7","$15.1","$13.4","$115.4","$46.4","$162.7"
"Ronald Acuna Jr.","Braves","OF","8.7","652","$18.0","$9.8","$29.2","$37.8","$18.5","$113.4","$46.4","$160.8"
"Trea Turner","Nationals","SS","7.5","657","$29.5","($9.6)","$29.9","$80.4","($14.9)","$115.2","$42.6","$158.8"
"Jose Altuve","Astros","2B","13.7","653","$51.7","$8.6","$23.6","$22.1","($15.2)","$90.9","$58.1","$150.0"
"Charlie Blackmon","Rockies","OF","27.5","678","$30.2","$5.4","$40.4","$10.2","$11.3","$97.4","$46.4","$144.8"
"Trevor Story","Rockies","SS","17.2","607","$6.1","$30.1","$14.7","$22.8","$24.6","$98.4","$42.6","$142.0"
"Nelson Cruz","Twins","DH","96.6","598","$20.0","$38.0","$17.7","($19.6)","$38.4","$94.4","$44.3","$139.7"
"Manny Machado","Padres","SS","17.9","637","$18.1","$27.2","$18.5","($0.6)","$31.0","$94.3","$42.6","$137.9"
"Bryce Harper","Phillies","OF","18.6","614","($7.2)","$27.6","$27.3","$2.3","$39.8","$89.9","$46.4","$137.3"
"Gary Sanchez","Yankees","C","56.5","492","($35.8)","$13.7","$4.1","($16.7)","$18.4","($16.2)","$146.1","$130.9"
"Alex Bregman","Astros","3B/SS","13.7","650","$17.8","$22.2","$31.8","$4.0","$10.6","$86.3","$42.6","$129.9"
"Anthony Rizzo","Cubs","1B","37.1","642","$19.3","$24.7","$29.0","($5.5)","$22.2","$89.7","$38.2","$128.9"
"J.T. Realmuto","Phillies","C","47.7","536","($4.6)","$4.0","($4.2)","($10.0)","($4.1)","($18.9)","$146.1","$128.2"
"Javier Baez","Cubs","2B/3B/SS","16.9","627","$4.2","$28.0","$10.1","$19.9","$21.2","$83.4","$42.6","$127.0"
"Daniel Murphy","Rockies","2B","66.7","602","$54.0","$12.9","$14.5","($14.5)","($0.1)","$66.8","$58.1","$126.0"
"Juan Soto","Nationals","OF","35.2","602","$31.4","$18.2","$19.4","($6.3)","$15.2","$77.8","$46.4","$125.2"
"Andrew Benintendi","Red Sox","OF","29.3","656","$27.8","$1.2","$36.5","$23.5","($11.2)","$77.7","$46.4","$125.1"
"Freddie Freeman","Braves","1B","21.3","647","$27.0","$24.0","$23.1","($3.0)","$13.2","$84.4","$38.2","$123.6"
"Starling Marte","Pirates","OF","36.1","625","$21.7","($5.0)","$6.5","$62.1","($14.2)","$71.1","$46.4","$118.5"
"Aaron Judge","Yankees","OF","15.7","619","($19.7)","$23.8","$29.5","($4.5)","$38.7","$67.7","$46.4","$115.1"
"Kris Bryant","Cubs","3B/OF","32.3","627","$10.8","$16.9","$26.1","($6.4)","$17.1","$64.5","$48.5","$114.0"
"Paul Goldschmidt","Cardinals","1B","18.6","645","$14.4","$18.9","$23.3","$4.1","$13.5","$74.2","$38.2","$113.4"
"Rhys Hoskins","Phillies","OF","40.3","644","($23.1)","$34.7","$22.2","($9.4)","$41.3","$65.6","$46.4","$112.9"
"Yasiel Puig","Reds","OF","71.9","575","$8.6","$19.0","$7.9","$14.1","$15.8","$65.5","$46.4","$112.8"
"Cody Bellinger","Dodgers","1B/OF","45.2","627","($12.8)","$28.0","$13.8","$3.9","$27.4","$60.2","$46.4","$107.6"
"Marcell Ozuna","Cardinals","OF","78.5","603","$29.2","$24.0","$3.4","($17.1)","$14.3","$53.9","$46.4","$101.3"
"Vladimir Guerrero Jr.","Blue Jays","3B","40.9","544","$40.6","$11.4","$8.0","($10.2)","$1.6","$51.3","$48.5","$100.8"
"Khris Davis","Athletics","DH","43.9","637","($36.4)","$41.7","$18.4","($19.4)","$50.3","$54.5","$44.3","$99.8"
"Buster Posey","Giants","C","144.6","531","$15.1","($13.4)","($11.1)","($12.4)","($28.2)","($49.9)","$146.1","$97.2"
"Adalberto Mondesi","Royals","SS","40.2","587","($20.0)","($5.8)","($0.6)","$80.4","($3.8)","$50.2","$42.6","$93.7"
"Jose Abreu","White Sox","1B","86.7","622","$19.3","$24.8","$7.8","($17.6)","$17.7","$52.0","$38.2","$91.2"
"Eddie Rosario","Twins","OF","88.0","615","$14.7","$16.2","$7.0","($1.4)","$7.0","$43.5","$46.4","$90.9"
"Xander Bogaerts","Red Sox","SS","48.0","617","$26.6","$12.6","$12.8","$1.1","($8.7)","$44.4","$42.6","$87.9"
"Yasmani Grandal","Brewers","C","124.7","496","($42.8)","$0.2","($4.9)","($16.7)","$4.4","($59.9)","$146.1","$87.2"
"Whit Merrifield","Royals","2B/OF","30.5","663","$13.0","($21.0)","$11.4","$54.5","($30.6)","$27.3","$58.1","$86.5"
"Rougned Odor","Rangers","2B","132.7","622","($23.9)","$12.8","$3.3","$16.5","$16.2","$24.9","$58.1","$84.0"
"Anthony Rendon","Nationals","3B","43.5","596","$26.2","$9.8","$10.1","($11.4)","($1.6)","$33.1","$48.5","$82.6"
"Eloy Jimenez","White Sox","OF","119.0","548","$27.0","$15.6","$0.6","($16.9)","$7.7","$34.0","$46.4","$81.4"
"David Peralta","Diamondbacks","OF","139.6","649","$21.0","$4.7","$15.1","($9.7)","$2.5","$33.6","$46.4","$81.0"
"Nicholas Castellanos","Tigers","OF","95.5","640","$13.8","$20.7","$8.3","($14.7)","$5.2","$33.4","$46.4","$80.8"
"Ozzie Albies","Braves","2B","59.3","618","$9.8","($1.2)","$3.4","$15.7","($9.6)","$18.1","$58.1","$77.2"
"Andrew McCutchen","Phillies","OF","140.6","599","($4.1)","$5.2","$11.6","$4.8","$11.5","$29.0","$46.4","$76.3"
"Yadier Molina","Cardinals","C","145.8","497","($12.6)","($10.5)","($16.6)","($9.5)","($21.7)","($71.0)","$146.1","$76.1"
"Joey Gallo","Rangers","1B/OF","102.0","573","($52.4)","$27.4","$12.8","($7.6)","$47.5","$27.7","$46.4","$75.0"
"George Springer","Astros","OF","64.7","623","($4.0)","($2.4)","$25.7","($2.5)","$10.6","$27.5","$46.4","$74.8"
"Mike Moustakas","Brewers","3B","144.5","575","($10.5)","$22.1","$2.7","($16.0)","$25.0","$23.4","$48.5","$72.9"
"Shohei Ohtani","Angels","DH","187.8","475","($8.7)","$14.9","$7.4","$1.5","$11.7","$26.8","$44.3","$72.1"
"Justin Turner","Dodgers","3B","109.2","594","$24.2","$8.3","$6.6","($13.5)","($3.7)","$21.9","$48.5","$71.4"
"Corey Seager","Dodgers","SS","84.1","613","$22.9","($2.6)","$19.8","($13.0)","$0.6","$27.6","$42.6","$71.2"
"Eugenio Suarez","Reds","3B","54.7","625","($12.3)","$19.7","$9.1","($13.6)","$17.7","$20.5","$48.5","$70.0"
"Lorenzo Cain","Brewers","OF","61.3","621","$24.1","($23.3)","$14.0","$30.4","($23.6)","$21.6","$46.4","$69.0"
"Jean Segura","Phillies","SS","60.9","643","$24.9","($16.0)","$9.9","$28.2","($24.2)","$22.8","$42.6","$66.3"
"Nomar Mazara","Rangers","OF","158.3","615","$6.1","$16.7","$4.3","($17.5)","$9.3","$18.9","$46.4","$66.3"
"Willson Contreras","Cubs","C","137.5","468","($25.9)","($10.0)","($13.1)","($11.9)","($20.5)","($81.5)","$146.1","$65.7"
"Joey Votto","Reds","1B","65.4","641","$15.1","$6.4","$21.7","($16.0)","($1.3)","$25.8","$38.2","$65.0"
"Miguel Andujar","Yankees","3B","82.3","555","$10.8","$13.2","$0.3","($13.8)","$4.6","$15.1","$48.5","$64.5"
"David Dahl","Rockies","OF","71.5","567","$0.9","$10.7","$0.2","$4.6","$0.4","$16.9","$46.4","$64.2"
"Jonathan Villar","Orioles","2B","79.1","622","($21.9)","($23.5)","$3.5","$61.9","($17.3)","$2.8","$58.1","$61.9"
"Matt Olson","Athletics","1B","111.6","628","($29.3)","$25.5","$12.8","($17.0)","$30.6","$22.7","$38.2","$61.9"
"Robinson Cano","Mets","2B","126.9","615","$15.2","$7.1","($0.3)","($19.9)","$0.4","$2.5","$58.1","$61.6"
"Wilson Ramos","Mets","C","133.1","401","($29.3)","($8.1)","($15.6)","($20.6)","($14.7)","($88.3)","$146.1","$58.8"
"Matt Chapman","Athletics","3B","113.6","629","($24.0)","$16.0","$12.8","($12.8)","$16.5","$8.5","$48.5","$58.0"
"Travis Shaw","Brewers","2B/3B","99.2","598","($23.0)","$14.5","$0.6","($9.3)","$14.7","($2.6)","$58.1","$56.6"
"Ryan Braun","Brewers","OF","200.8","508","($13.1)","$7.8","$0.6","$6.7","$3.7","$5.7","$46.4","$53.1"
"Rafael Devers","Red Sox","3B","147.4","530","($3.4)","$10.6","$0.5","($7.7)","$1.8","$1.8","$48.5","$51.3"
"Michael Brantley","Astros","OF","119.5","575","$16.9","$0.5","$0.6","$1.4","($15.7)","$3.7","$46.4","$51.1"
"Tommy Pham","Rays","OF","56.1","610","($13.7)","($3.2)","$5.6","$18.9","($4.3)","$3.2","$46.4","$50.6"
"Randal Grichuk","Blue Jays","OF","245.6","566","($34.0)","$18.1","$2.9","($10.4)","$25.7","$2.3","$46.4","$49.7"
"Mitch Haniger","Mariners","OF","95.6","635","($9.2)","$6.0","$8.3","($5.8)","$2.3","$1.6","$46.4","$49.0"
"Carlos Correa","Astros","SS","49.7","573","($5.6)","$12.1","$7.7","($12.5)","$3.2","$4.9","$42.6","$48.5"
"Josh Donaldson","Braves","3B","101.6","557","($16.0)","$4.0","$11.6","($13.2)","$12.1","($1.5)","$48.5","$47.9"
"Justin Upton","Angels","OF","99.9","594","($31.0)","$14.4","$3.3","($4.1)","$16.5","($0.8)","$46.4","$46.6"
"Miguel Cabrera","Tigers","1B","164.1","560","$14.8","$7.9","$3.4","($19.2)","$0.3","$7.2","$38.2","$46.4"
"Victor Robles","Nationals","OF","95.7","566","$4.9","($17.9)","($5.3)","$43.7","($28.5)","($3.2)","$46.4","$44.2"
"Jorge Polanco","Twins","SS","224.7","638","$8.3","($13.5)","$12.2","$16.5","($23.0)","$0.4","$42.6","$44.0"
"Kyle Schwarber","Cubs","OF","215.2","554","($34.4)","$12.3","$4.8","($10.5)","$21.8","($5.9)","$46.4","$41.4"
"Matt Carpenter","Cardinals","1B/3B","74.3","631","($19.0)","($8.6)","$26.0","($12.7)","$6.0","($8.3)","$48.5","$41.2"
"Danny Jansen","Blue Jays","C","184.3","394","($33.9)","($19.3)","($12.2)","($14.6)","($26.3)","($106.3)","$146.1","$40.8"
"Carlos Santana","Indians","1B","201.8","630","($19.4)","$13.1","$15.2","($15.3)","$7.4","$1.1","$38.2","$40.3"
"Eric Hosmer","Padres","1B","177.0","650","($1.4)","$6.0","$2.7","($7.3)","($1.0)","($1.0)","$38.2","$38.2"
"Mallex Smith","Mariners","OF","102.6","630","($5.3)","($37.4)","$3.2","$77.3","($47.6)","($9.8)","$46.4","$37.6"
"Jose Peraza","Reds","SS","96.5","611","$20.4","($18.8)","($6.6)","$31.7","($33.2)","($6.5)","$42.6","$37.1"
"Wil Myers","Padres","3B/OF","106.6","590","($33.5)","($2.6)","($0.2)","$19.7","$4.1","($12.5)","$48.5","$36.9"
"Maikel Franco","Phillies","3B","299.3","541","($11.4)","$12.3","($5.6)","($18.9)","$10.7","($12.9)","$48.5","$36.6"
"C.J. Cron","Twins","1B/DH","258.4","524","($15.0)","$12.6","$1.2","($15.2)","$10.7","($5.7)","$38.2","$33.5"
"Shin-Soo Choo","Rangers","OF/DH","288.2","651","($16.0)","($5.5)","$16.4","($5.1)","($3.8)","($14.0)","$46.4","$33.4"
"Jonathan Schoop","Twins","2B","185.2","499","($13.1)","$5.5","($5.5)","($18.0)","$1.7","($29.4)","$58.1","$29.7"
"Josh Bell","Pirates","1B","264.6","621","$5.5","$3.3","$0.2","($10.1)","($8.5)","($9.6)","$38.2","$29.6"
"Trey Mancini","Orioles","1B/OF","247.2","616","($7.4)","$8.5","($5.0)","($19.1)","$4.9","($18.2)","$46.4","$29.2"
"Michael Conforto","Mets","OF","107.8","604","($27.9)","$7.8","$0.6","($12.6)","$13.1","($19.1)","$46.4","$28.3"
"A.J. Pollock","Dodgers","OF","112.6","564","($22.6)","($7.8)","$1.2","$17.0","($7.3)","($19.5)","$46.4","$27.9"
"Stephen Piscotty","Athletics","OF","156.6","601","($6.4)","$2.0","$0.6","($12.9)","($2.9)","($19.7)","$46.4","$27.7"
"Scooter Gennett","Reds","2B","90.6","600","($5.5)","$0.9","($7.0)","($13.0)","($8.6)","($33.2)","$58.1","$26.0"
"Gleyber Torres","Yankees","2B/SS","66.0","561","($16.2)","$0.8","($1.5)","($1.2)","($0.5)","($18.7)","$42.6","$24.9"
"Ketel Marte","Diamondbacks","2B/SS","222.0","644","$19.2","($17.2)","$6.2","($0.3)","($26.9)","($19.0)","$42.6","$24.6"
"Mike Zunino","Rays","C","243.2","424","($74.1)","($10.4)","($14.8)","($19.6)","($4.0)","($122.9)","$146.1","$24.3"
"Aaron Hicks","Yankees","OF","119.2","576","($25.7)","($4.4)","$7.5","$1.7","($2.7)","($23.6)","$46.4","$23.8"
"Mark Trumbo","Orioles","DH","519.3","574","($27.5)","$12.6","($5.7)","($20.1)","$19.1","($21.6)","$44.3","$23.7"
"Ian Desmond","Rockies","1B/OF","142.2","487","($12.8)","($3.2)","($9.0)","$14.2","($13.7)","($24.5)","$46.4","$22.9"
"Dee Gordon","Mariners","2B/OF","105.4","578","$8.9","($36.1)","($14.3)","$59.4","($54.2)","($36.3)","$58.1","$22.9"
"Jurickson Profar","Athletics","1B/3B/SS","125.8","637","($10.2)","($7.3)","$8.4","($2.6)","($15.9)","($27.6)","$48.5","$21.8"
"Franmil Reyes","Padres","OF","231.0","553","($23.8)","$7.6","($4.8)","($18.5)","$13.3","($26.2)","$46.4","$21.2"
"Max Kepler","Twins","OF","238.8","594","($15.7)","($0.9)","($0.2)","($6.0)","($5.0)","($27.7)","$46.4","$19.7"
"Brian Dozier","Nationals","2B","141.4","538","($35.5)","($1.5)","($4.2)","$1.9","($2.5)","($41.9)","$58.1","$17.3"
"Tim Anderson","White Sox","SS","135.4","623","($19.2)","($12.1)","($9.7)","$30.5","($15.7)","($26.3)","$42.6","$17.2"
"Ender Inciarte","Braves","OF","138.1","611","$10.8","($24.0)","($12.1)","$33.9","($39.0)","($30.4)","$46.4","$16.9"
"Wilmer Flores","Diamondbacks","1B","399.8","533","$5.1","$4.0","($8.3)","($18.7)","($4.5)","($22.4)","$38.2","$16.8"
"Jake Bauers","Indians","1B/OF","236.7","578","($28.3)","($3.9)","($3.2)","$15.0","($11.7)","($32.1)","$46.4","$15.3"
"Jesus Aguilar","Brewers","1B","79.7","578","($33.2)","$14.0","($2.1)","($20.9)","$17.5","($24.7)","$38.2","$14.5"
"Joc Pederson","Dodgers","OF","374.1","452","($34.1)","$3.1","($0.9)","($8.9)","$7.5","($33.3)","$46.4","$14.1"
"Jesse Winker","Reds","OF","192.1","552","$14.9","($13.4)","$0.4","($15.4)","($19.9)","($33.4)","$46.4","$14.0"
"Austin Meadows","Rays","OF","188.0","508","($13.3)","($7.8)","($10.0)","$12.6","($16.3)","($34.7)","$46.4","$12.7"
"Edwin Encarnacion","Mariners","1B/DH","132.5","532","($40.6)","$12.7","$0.9","($18.3)","$18.3","($27.0)","$38.2","$12.2"
"Chris Iannetta","Rockies","C","432.0","289","($49.1)","($22.1)","($14.9)","($19.6)","($29.2)","($134.9)","$146.1","$12.2"
"Adam Jones","","OF","396.5","565","($4.4)","$1.2","($12.5)","($13.1)","($6.8)","($35.7)","$46.4","$11.7"
"Marcus Semien","Athletics","SS","231.1","625","($21.5)","($7.9)","($0.3)","$7.8","($11.5)","($33.3)","$42.6","$10.3"
"Welington Castillo","White Sox","C","221.4","312","($53.0)","($21.5)","($18.9)","($18.8)","($25.4)","($137.6)","$146.1","$9.5"
"Tucker Barnhart","Reds","C","268.6","456","($37.1)","($24.6)","($23.8)","($15.7)","($36.7)","($137.9)","$146.1","$9.2"
"Yoan Moncada","White Sox","2B","156.2","623","($40.4)","($16.6)","$1.2","$16.5","($10.9)","($50.3)","$58.1","$8.9"
"Willians Astudillo","Twins","P/C/2B/3B/OF/DH","255.6","200","($38.1)","($26.9)","($18.2)","($14.5)","($41.3)","($139.0)","$146.1","$8.1"
"Miguel Sano","Twins","3B","228.7","528","($42.8)","$8.0","$0.4","($20.2)","$12.4","($42.3)","$48.5","$7.2"
"Paul DeJong","Cardinals","SS","182.7","546","($22.4)","$6.1","($7.1)","($16.9)","$2.8","($37.5)","$42.6","$6.1"
"Marwin Gonzalez","Twins","1B/2B/SS/OF","240.5","517","($9.2)","($8.9)","($8.3)","($9.7)","($17.2)","($53.4)","$58.1","$5.8"
"Justin Smoak","Blue Jays","1B","229.9","587","($35.6)","$8.2","$1.2","($19.8)","$12.4","($33.7)","$38.2","$5.5"
"Carlos Gonzalez","","OF","535.0","583","($22.7)","$2.9","($8.8)","($11.6)","($1.9)","($42.1)","$46.4","$5.3"
"Adam Eaton","Nationals","OF","200.6","559","$14.6","($26.7)","$1.2","$3.5","($35.5)","($42.9)","$46.4","$4.5"
"Francisco Cervelli","Pirates","C","268.5","348","($38.6)","($28.5)","($19.8)","($14.9)","($41.3)","($143.1)","$146.1","$4.0"
"Jorge Soler","Royals","OF","370.0","582","($29.5)","$0.8","($5.2)","($12.5)","$2.7","($43.7)","$46.4","$3.7"
"Adam Frazier","Pirates","2B/OF","395.1","608","$8.7","($31.0)","($2.9)","$4.3","($36.3)","($57.2)","$58.1","$1.9"
"Tyler Flowers","Braves","C","481.8","313","($47.8)","($24.6)","($20.4)","($19.6)","($33.5)","($145.8)","$146.1","$1.3"
"Ryan Zimmerman","Nationals","1B","378.1","464","($20.7)","$6.0","($5.7)","($17.0)","($0.7)","($38.2)","$38.2","$1.0"
"Andrelton Simmons","Angels","SS","240.1","597","$13.3","($15.4)","($9.9)","$2.9","($33.4)","($42.6)","$42.6","$1.0"
"Kendrys Morales","Blue Jays","DH","519.0","514","($29.6)","$2.5","($4.8)","($16.6)","$4.3","($44.3)","$44.3","$1.0"
"Ramon Laureano","Athletics","OF","182.8","529","($25.3)","($16.7)","($3.6)","$17.6","($18.3)","($46.4)","$46.4","$1.0"
"Jake Lamb","Diamondbacks","3B","275.2","597","($32.8)","$0.9","($6.1)","($8.7)","($1.8)","($48.5)","$48.5","$1.0"
"Starlin Castro","Marlins","2B","373.0","642","$0.1","($19.0)","($8.7)","($9.4)","($21.3)","($58.1)","$58.1","$1.0"
"Kurt Suzuki","Nationals","C","329.4","237","($45.9)","($23.9)","($19.1)","($20.4)","($36.8)","($146.1)","$146.1","$1.0"
"Jason Kipnis","Indians","2B","454.4","614","($25.0)","($12.0)","$0.3","($3.9)","($17.7)","($58.2)","$58.1","$0.9"
"Kyle Seager","Mariners","3B","280.2","597","($32.9)","$3.9","($8.0)","($15.9)","$3.2","($49.7)","$48.5","($0.3)"
"Evan Longoria","Giants","3B","455.5","585","($17.0)","$1.9","($14.1)","($14.1)","($7.1)","($50.3)","$48.5","($0.9)"
"Francisco Mejia","Padres","C/DH","258.7","318","($48.4)","($26.6)","($22.2)","($18.2)","($33.6)","($148.9)","$146.1","($1.8)"
"Corey Dickerson","Pirates","OF","203.6","446","($10.7)","($8.1)","($7.9)","($10.1)","($15.6)","($52.4)","$46.4","($5.1)"
"Omar Narvaez","Mariners","C","284.7","381","($41.2)","($30.4)","($21.9)","($17.8)","($41.4)","($152.6)","$146.1","($5.5)"
"Yuli Gurriel","Astros","1B/3B","196.1","480","$3.5","($6.7)","($11.5)","($14.2)","($26.4)","($55.2)","$48.5","($5.8)"
"Jackie Bradley Jr.","Red Sox","OF","220.3","524","($30.3)","($8.2)","($1.9)","$5.2","($18.1)","($53.3)","$46.4","($5.9)"
"Odubel Herrera","Phillies","OF","254.5","522","($9.0)","($9.2)","($12.1)","($5.4)","($18.5)","($54.1)","$46.4","($6.8)"
"Jorge Alfaro","Marlins","C","243.7","405","($50.5)","($26.5)","($29.3)","($16.6)","($31.7)","($154.5)","$146.1","($7.4)"
"Austin Hedges","Padres","C","328.0","289","($65.4)","($23.0)","($23.2)","($16.2)","($26.8)","($154.6)","$146.1","($7.5)"
"Christin Stewart","Tigers","OF/DH","394.3","509","($33.6)","($0.1)","($2.9)","($19.7)","$1.4","($54.9)","$46.4","($7.5)"
"Christian Vazquez","Red Sox","C","532.5","275","($46.6)","($30.1)","($19.6)","($11.8)","($46.9)","($154.9)","$146.1","($7.8)"
"Kole Calhoun","Angels","OF","459.1","600","($30.4)","($10.9)","$0.3","($8.2)","($6.9)","($56.1)","$46.4","($8.7)"
"John Hicks","Tigers","C/1B","399.4","279","($51.5)","($27.4)","($22.0)","($16.7)","($38.1)","($155.8)","$146.1","($8.7)"
"Brian Anderson","Marlins","3B/OF","307.3","643","($8.4)","($7.4)","($10.0)","($14.2)","($19.0)","($59.0)","$48.5","($9.5)"
"Max Muncy","Dodgers","1B/3B","114.9","535","($41.9)","($1.8)","($2.0)","($14.7)","$1.1","($59.4)","$48.5","($9.9)"
"Hunter Renfroe","Padres","OF","201.1","454","($38.4)","$3.4","($9.7)","($16.1)","$3.4","($57.5)","$46.4","($10.1)"
"Jonathan Lucroy","Angels","C","314.7","280","($47.3)","($28.7)","($19.2)","($19.4)","($42.7)","($157.3)","$146.1","($10.2)"
"Brandon Belt","Giants","1B","426.1","586","($18.4)","($6.8)","($3.4)","($13.0)","($9.8)","($51.5)","$38.2","($12.3)"
"Peter Alonso","Mets","1B","243.2","486","($40.5)","$3.5","($7.9)","($16.7)","$8.0","($53.6)","$38.2","($14.4)"
"Eduardo Escobar","Diamondbacks","3B/SS","180.7","603","($18.5)","($9.3)","($6.6)","($11.6)","($12.0)","($58.1)","$42.6","($14.5)"
"Amed Rosario","Mets","SS","143.0","566","($10.0)","($23.1)","($21.3)","$30.5","($34.3)","($58.2)","$42.6","($14.6)"
"Yan Gomes","Nationals","C","218.2","229","($58.8)","($25.9)","($21.9)","($20.3)","($34.9)","($161.7)","$146.1","($14.6)"
"Luke Voit","Yankees","1B","187.1","450","($22.3)","($3.1)","($4.3)","($18.4)","($6.1)","($54.1)","$38.2","($14.9)"
"Cesar Hernandez","Phillies","2B","172.6","608","($12.8)","($35.6)","($1.8)","$13.5","($37.5)","($74.2)","$58.1","($15.1)"
"Grayson Greiner","Tigers","C","548.2","348","($54.0)","($29.3)","($22.6)","($18.2)","($38.2)","($162.2)","$146.1","($15.1)"
"Harrison Bader","Cardinals","OF","185.4","547","($31.5)","($12.2)","($16.1)","$11.9","($15.5)","($63.5)","$46.4","($16.2)"
"Byron Buxton","Twins","OF","156.2","471","($39.4)","($15.9)","($7.7)","$20.3","($20.8)","($63.6)","$46.4","($16.2)"
"Austin Barnes","Dodgers","C","348.4","282","($59.0)","($32.2)","($21.1)","($9.8)","($42.4)","($164.6)","$146.1","($17.5)"
"Jeimer Candelario","Tigers","3B","464.7","619","($35.7)","($10.3)","$1.0","($14.2)","($9.4)","($68.4)","$48.5","($18.9)"
"Kevin Plawecki","Indians","C","574.8","240","($57.8)","($29.2)","($19.8)","($19.1)","($40.7)","($166.6)","$146.1","($19.4)"
"Jason Castro","Twins","C","583.5","328","($66.6)","($29.0)","($18.0)","($17.3)","($35.7)","($166.6)","$146.1","($19.5)"
"Robinson Chirinos","Astros","C","242.4","279","($78.2)","($24.9)","($17.2)","($18.6)","($28.0)","($166.9)","$146.1","($19.8)"
"DJ LeMahieu","Yankees","2B","261.9","504","($8.7)","($21.4)","($9.7)","($5.0)","($34.2)","($79.0)","$58.1","($19.8)"
"Tyler White","Astros","1B/DH","259.4","512","($29.7)","($2.4)","($5.8)","($15.3)","($6.0)","($59.2)","$38.2","($20.0)"
"Josh Phegley","Athletics","C","594.6","276","($63.6)","($28.9)","($19.3)","($17.3)","($38.0)","($167.1)","$146.1","($20.0)"
"Lourdes Gurriel Jr.","Blue Jays","2B/SS","280.9","471","($16.7)","($17.0)","($7.0)","($7.8)","($16.4)","($64.8)","$42.6","($21.3)"
"Brian McCann","Braves","C","515.2","200","($65.6)","($28.0)","($20.9)","($19.6)","($35.6)","($169.7)","$146.1","($22.6)"
"Asdrubal Cabrera","Rangers","2B/3B/SS","228.7","452","($13.7)","($10.5)","($5.1)","($18.4)","($18.8)","($66.4)","$42.6","($22.8)"
"Martin Maldonado","","C","575.6","306","($64.4)","($28.4)","($23.7)","($17.9)","($36.3)","($170.6)","$146.1","($23.5)"
"Mitch Garver","Twins","C","454.9","199","($57.2)","($31.2)","($19.6)","($19.8)","($42.9)","($170.7)","$146.1","($23.6)"
"Isiah Kiner-Falefa","Rangers","C/2B/3B","290.2","197","($51.0)","($35.5)","($22.1)","($11.6)","($50.8)","($171.1)","$146.1","($23.9)"
"Austin Wynns","Orioles","C","593.9","275","($57.3)","($32.8)","($22.7)","($18.1)","($41.1)","($171.9)","$146.1","($24.8)"
"Kevin Pillar","Blue Jays","OF","349.5","517","($20.0)","($17.2)","($15.1)","$7.4","($27.2)","($72.2)","$46.4","($24.8)"
"Daniel Palka","White Sox","OF/DH","354.5","460","($53.4)","($0.5)","($9.8)","($14.2)","$5.6","($72.4)","$46.4","($25.0)"
"Kevin Kiermaier","Rays","OF","355.2","556","($40.2)","($19.2)","($9.8)","$19.4","($22.7)","($72.6)","$46.4","($25.2)"
"Travis d'Arnaud","Mets","C","586.3","186","($61.7)","($29.8)","($22.9)","($19.3)","($38.9)","($172.5)","$146.1","($25.4)"
"Cedric Mullins II","Orioles","OF","287.9","487","($23.5)","($25.9)","($7.5)","$9.6","($25.6)","($73.0)","$46.4","($25.6)"
"Yonder Alonso","White Sox","1B","324.7","586","($35.1)","($2.1)","($8.6)","($19.5)","$0.4","($64.9)","$38.2","($25.7)"
"Billy Hamilton","Royals","OF","154.2","545","($37.0)","($40.8)","($14.7)","$68.8","($50.3)","($73.9)","$46.4","($26.5)"
"Evan Gattis","","DH","580.3","419","($41.7)","($0.5)","($11.8)","($18.5)","$0.5","($71.9)","$44.3","($26.6)"
"Nick Markakis","Braves","OF","335.5","571","$5.7","($14.1)","($14.4)","($18.7)","($33.0)","($74.4)","$46.4","($27.1)"
"Chris Taylor","Dodgers","SS/OF","234.8","601","($23.8)","($21.2)","($7.5)","$6.6","($24.9)","($70.9)","$42.6","($27.4)"
"Jose Martinez","Cardinals","1B/OF","231.2","394","($6.9)","($14.0)","($11.0)","($15.7)","($28.2)","($75.8)","$46.4","($28.4)"
"Cam Gallagher","Royals","C","594.5","236","($53.1)","($34.4)","($23.2)","($18.1)","($46.7)","($175.5)","$146.1","($28.4)"
"Josh Reddick","Astros","OF","516.0","437","($24.5)","($11.0)","($9.8)","($9.1)","($21.9)","($76.3)","$46.4","($29.0)"
"Domingo Santana","Mariners","OF","228.1","562","($39.6)","($10.1)","($10.9)","($6.8)","($9.0)","($76.5)","$46.4","($29.1)"
"Renato Nunez","Orioles","3B","528.1","533","($40.3)","($4.7)","($14.2)","($18.7)","($1.2)","($79.1)","$48.5","($29.7)"
"Kevan Smith","Angels","C","592.9","158","($55.6)","($33.3)","($22.0)","($20.0)","($47.3)","($178.2)","$146.1","($31.1)"
"Brandon Nimmo","Mets","OF","175.3","608","($33.0)","($29.5)","$2.9","$1.2","($20.1)","($78.5)","$46.4","($31.2)"
"Victor Caratini","Cubs","C/1B","587.9","152","($56.9)","($33.4)","($21.8)","($20.0)","($47.3)","($179.5)","$146.1","($32.4)"
"Alex Avila","Diamondbacks","C","597.8","284","($71.0)","($32.8)","($21.0)","($19.1)","($36.5)","($180.4)","$146.1","($33.3)"
"Ian Happ","Cubs","3B/OF","279.5","443","($51.5)","($10.6)","($9.5)","($2.0)","($9.8)","($83.3)","$48.5","($33.9)"
"Max Stassi","Astros","C","573.6","192","($71.2)","($31.5)","($19.5)","($18.8)","($40.1)","($181.1)","$146.1","($34.0)"
"Elias Diaz","Pirates","C","378.1","138","($56.5)","($34.1)","($23.3)","($19.3)","($48.0)","($181.1)","$146.1","($34.0)"
"Russell Martin","Dodgers","C/3B","541.3","183","($69.8)","($32.2)","($20.8)","($18.8)","($40.0)","($181.5)","$146.1","($34.4)"
"Manuel Margot","Padres","OF","285.1","484","($21.8)","($24.5)","($18.5)","$14.5","($31.6)","($82.0)","$46.4","($34.6)"
"Chance Sisco","Orioles","C","503.3","232","($60.9)","($35.0)","($24.0)","($18.4)","($44.3)","($182.6)","$146.1","($35.5)"
"Zack Cozart","Angels","3B","526.4","570","($32.5)","($14.3)","($5.9)","($15.4)","($17.2)","($85.4)","$48.5","($36.0)"
"Meibrys Viloria","Royals","C","999.0","196","($59.0)","($35.5)","($23.7)","($17.8)","($47.5)","($183.6)","$146.1","($36.5)"
"Ben Zobrist","Cubs","2B/OF","490.8","463","($15.3)","($21.5)","($10.9)","($12.7)","($35.4)","($95.7)","$58.1","($36.6)"
"Joe Panik","Giants","2B","577.9","494","($2.4)","($27.2)","($16.9)","($10.6)","($38.8)","($95.8)","$58.1","($36.7)"
"Elvis Andrus","Rangers","SS","184.4","489","($14.3)","($20.5)","($12.6)","$4.7","($38.0)","($80.6)","$42.6","($37.0)"
"Willy Adames","Rays","SS","240.9","601","($23.8)","($20.8)","($15.0)","$3.4","($26.2)","($82.3)","$42.6","($38.7)"
"Roberto Perez","Indians","C","591.2","213","($71.9)","($33.0)","($20.6)","($17.8)","($42.6)","($185.8)","$146.1","($38.7)"
"Jed Lowrie","Mets","2B","328.1","596","($30.2)","($21.7)","($6.7)","($20.5)","($18.8)","($97.9)","$58.1","($38.8)"
"Ryan O'Hearn","Royals","1B","419.0","560","($42.6)","($3.9)","($12.4)","($17.8)","($1.3)","($78.1)","$38.2","($38.9)"
"Joey Wendle","Rays","2B/3B","214.9","539","($20.9)","($24.8)","($16.9)","$4.5","($40.3)","($98.4)","$58.1","($39.3)"
"Gregory Polanco","Pirates","OF","253.5","357","($36.0)","($13.0)","($11.1)","($4.6)","($22.0)","($86.7)","$46.4","($39.3)"
"Carson Kelly","Diamondbacks","C","487.1","176","($61.7)","($34.8)","($23.7)","($19.8)","($46.5)","($186.6)","$146.1","($39.4)"
"Austin Romine","Yankees","C","548.8","150","($67.1)","($33.6)","($21.6)","($19.4)","($45.1)","($186.8)","$146.1","($39.7)"
"Matt Wieters","Cardinals","C","577.7","142","($64.7)","($33.9)","($23.2)","($19.9)","($45.0)","($186.8)","$146.1","($39.7)"
"Tony Wolters","Rockies","C","600.9","194","($61.0)","($36.0)","($23.4)","($17.3)","($49.5)","($187.2)","$146.1","($40.1)"
"David Fletcher","Angels","2B/3B","569.0","495","($7.0)","($25.8)","($18.4)","($1.0)","($47.2)","($99.4)","$58.1","($40.3)"
"Jeff McNeil","Mets","2B","341.9","399","($16.7)","($25.7)","($13.9)","($8.1)","($35.3)","($99.6)","$58.1","($40.5)"
"Garrett Hampson","Rockies","2B/SS/OF","184.9","329","($15.5)","($30.9)","($10.4)","$16.8","($45.3)","($85.4)","$42.6","($41.8)"
"Kolten Wong","Cardinals","2B","547.8","431","($25.2)","($20.3)","($18.8)","($3.8)","($33.4)","($101.4)","$58.1","($42.2)"
"Enrique Hernandez","Dodgers","2B/SS/OF","321.1","438","($38.5)","($9.0)","($9.9)","($15.5)","($13.5)","($86.4)","$42.6","($42.9)"
"Nick Senzel","Reds","3B","200.4","336","($25.5)","($19.4)","($13.9)","($2.5)","($31.4)","($92.7)","$48.5","($43.2)"
"Steven Souza Jr.","Diamondbacks","OF","308.1","415","($46.9)","($14.9)","($11.0)","($1.8)","($17.0)","($91.6)","$46.4","($44.2)"
"Brandon Crawford","Giants","SS","511.1","573","($17.5)","($14.4)","($22.5)","($8.9)","($24.6)","($87.9)","$42.6","($44.4)"
"Ryan McMahon","Rockies","1B","464.2","401","($21.3)","($13.7)","($12.3)","($9.5)","($26.9)","($83.8)","$38.2","($44.6)"
"Jeff Mathis","Rangers","C","600.0","276","($66.6)","($35.1)","($24.7)","($18.8)","($46.6)","($191.9)","$146.1","($44.8)"
"Blake Swihart","Red Sox","C/OF","557.8","118","($67.6)","($36.5)","($21.9)","($16.0)","($50.1)","($192.2)","$146.1","($45.1)"
"Teoscar Hernandez","Blue Jays","OF","377.5","409","($50.7)","($13.3)","($10.9)","($3.9)","($14.4)","($93.2)","$46.4","($45.8)"
"James McCann","White Sox","C","565.7","157","($68.0)","($35.6)","($24.4)","($19.5)","($45.7)","($193.1)","$146.1","($46.0)"
"Dustin Pedroia","Red Sox","2B","556.3","414","($17.6)","($23.5)","($12.3)","($12.4)","($39.4)","($105.2)","$58.1","($46.1)"
"Scott Schebler","Reds","OF","436.7","403","($47.3)","($8.8)","($12.6)","($13.1)","($12.0)","($93.8)","$46.4","($46.5)"
"Jhonatan Solano","","C","999.0","248","($66.6)","($35.9)","($27.1)","($17.1)","($47.0)","($193.6)","$146.1","($46.5)"
"Josh Harrison","Tigers","2B","514.2","426","($23.7)","($26.1)","($13.2)","($7.5)","($35.1)","($105.7)","$58.1","($46.5)"
"Alex Gordon","Royals","OF","552.3","604","($37.8)","($17.5)","($17.2)","($1.2)","($20.6)","($94.4)","$46.4","($47.0)"
"Sandy Leon","Red Sox","C","599.4","152","($69.2)","($35.2)","($22.4)","($19.6)","($48.0)","($194.4)","$146.1","($47.3)"
"Billy McKinney","Blue Jays","OF","569.3","437","($43.2)","($15.7)","($5.9)","($15.1)","($14.9)","($94.8)","$46.4","($47.4)"
"Manny Pina","Brewers","C","535.9","97","($65.6)","($36.3)","($23.7)","($19.9)","($49.2)","($194.7)","$146.1","($47.6)"
"Chris Herrmann","Athletics","C","593.3","134","($71.6)","($35.9)","($21.6)","($18.8)","($46.7)","($194.8)","$146.1","($47.7)"
"Willie Calhoun","Rangers","OF","477.4","379","($26.4)","($14.1)","($12.9)","($17.3)","($24.4)","($95.2)","$46.4","($47.8)"
"David Freitas","Mariners","C","999.0","139","($65.6)","($36.9)","($23.4)","($19.7)","($49.5)","($195.1)","$146.1","($48.0)"
"Michael Perez","Rays","C","597.7","136","($67.1)","($36.4)","($23.5)","($19.4)","($48.7)","($195.2)","$146.1","($48.1)"
"Albert Pujols","Angels","1B/DH","531.5","420","($38.3)","($5.5)","($12.8)","($19.0)","($12.2)","($87.8)","$38.2","($48.6)"
"Jason Heyward","Cubs","OF","551.1","475","($13.2)","($17.8)","($18.7)","($12.8)","($34.0)","($96.4)","$46.4","($49.0)"
"Mitch Moreland","Red Sox","1B","535.8","403","($37.6)","($7.2)","($6.9)","($18.9)","($19.1)","($89.7)","$38.2","($50.5)"
"Jose Trevino","Rangers","C","601.0","115","($67.4)","($37.6)","($24.1)","($19.4)","($50.6)","($199.1)","$146.1","($52.0)"
"Niko Goodrum","Tigers","1B/2B","323.6","439","($47.7)","($20.2)","($18.5)","$1.6","($26.6)","($111.4)","$58.1","($52.2)"
"Tom Murphy","Rockies","C","586.8","60","($71.9)","($36.6)","($22.7)","($19.5)","($48.7)","($199.5)","$146.1","($52.3)"
"Ian Kinsler","Padres","2B","453.3","407","($42.3)","($31.2)","($12.9)","$3.8","($29.9)","($112.5)","$58.1","($53.3)"
"John Ryan Murphy","Diamondbacks","C","999.0","101","($70.9)","($36.8)","($24.3)","($20.2)","($48.5)","($200.7)","$146.1","($53.6)"
"Reese McGuire","Blue Jays","C","599.7","85","($70.9)","($38.3)","($23.0)","($18.4)","($50.4)","($201.0)","$146.1","($53.8)"
"Luke Maile","Blue Jays","C","599.3","122","($71.4)","($37.9)","($23.5)","($18.7)","($49.8)","($201.3)","$146.1","($54.2)"
"Nick Hundley","Athletics","C","594.7","61","($70.7)","($37.4)","($23.0)","($20.2)","($50.1)","($201.4)","$146.1","($54.3)"
"Yolmer Sanchez","White Sox","3B","547.4","548","($34.1)","($24.5)","($16.4)","$4.4","($34.0)","($104.5)","$48.5","($55.1)"
"Jay Bruce","Mariners","1B/OF","291.2","410","($52.4)","($9.9)","($12.7)","($15.7)","($11.9)","($102.6)","$46.4","($55.2)"
"Rene Rivera","Giants","C","999.0","89","($73.0)","($37.0)","($24.6)","($20.0)","($48.1)","($202.6)","$146.1","($55.5)"
"Orlando Arcia","Brewers","SS","486.1","512","($25.8)","($23.7)","($22.8)","$5.9","($33.2)","($99.5)","$42.6","($56.0)"
"Jose Briceno","Angels","C","999.0","59","($72.9)","($37.6)","($23.4)","($19.5)","($49.9)","($203.2)","$146.1","($56.1)"
"Ji-Man Choi","Rays","DH","544.8","429","($44.2)","($12.1)","($11.7)","($15.3)","($18.2)","($101.5)","$44.3","($56.2)"
"Nick Dini","Royals","C","999.0","61","($69.9)","($38.9)","($23.8)","($18.9)","($51.8)","($203.3)","$146.1","($56.2)"
"Albert Almora Jr.","Cubs","OF","566.4","462","($11.5)","($21.3)","($20.3)","($14.1)","($36.4)","($103.7)","$46.4","($56.3)"
"Steve Pearce","Red Sox","1B/DH","552.2","313","($35.5)","($11.3)","($7.9)","($19.7)","($21.3)","($95.7)","$38.2","($56.5)"
"Erik Kratz","Brewers","C","999.0","48","($71.7)","($38.1)","($23.7)","($20.4)","($50.8)","($204.6)","$146.1","($57.5)"
"Bobby Wilson","Tigers","C","999.0","109","($73.7)","($38.1)","($24.1)","($19.3)","($49.4)","($204.6)","$146.1","($57.5)"
"Andrew Knapp","Phillies","C","600.8","90","($72.4)","($38.3)","($24.0)","($19.8)","($50.5)","($204.9)","$146.1","($57.8)"
"Devin Mesoraco","Mets","C","595.6","30","($73.1)","($38.8)","($23.4)","($20.7)","($51.3)","($207.4)","$146.1","($60.3)"
"Andrew Knizner","Cardinals","C","595.4","31","($70.5)","($39.5)","($23.7)","($20.7)","($53.1)","($207.5)","$146.1","($60.4)"
"Curt Casali","Reds","C","595.0","33","($72.5)","($39.2)","($23.7)","($20.6)","($52.1)","($208.1)","$146.1","($61.0)"
"Kyle Higashioka","Yankees","C","999.0","30","($73.6)","($38.9)","($23.3)","($20.5)","($51.8)","($208.2)","$146.1","($61.0)"
"Tyler Naquin","Indians","OF","583.7","383","($30.8)","($19.8)","($14.8)","($10.6)","($32.4)","($108.4)","$46.4","($61.0)"
"Keibert Ruiz","Dodgers","C","598.1","25","($71.8)","($39.6)","($23.7)","($20.8)","($53.0)","($208.9)","$146.1","($61.8)"
"Brandon Lowe","Rays","2B","532.0","303","($45.7)","($21.3)","($14.1)","($12.5)","($28.1)","($121.7)","$58.1","($62.6)"
"Matt Kemp","Reds","OF","310.6","281","($40.0)","($12.8)","($14.4)","($20.5)","($22.7)","($110.4)","$46.4","($63.0)"
"Brett Gardner","Yankees","OF","418.0","399","($42.8)","($28.3)","($6.5)","$1.3","($34.1)","($110.4)","$46.4","($63.0)"
"Leonys Martin","Indians","OF","393.6","373","($43.1)","($27.2)","($11.9)","$5.1","($33.3)","($110.5)","$46.4","($63.1)"
"Franchy Cordero","Padres","OF","447.1","340","($46.0)","($22.5)","($15.6)","($0.5)","($26.8)","($111.4)","$46.4","($64.0)"
"Jordan Luplow","Indians","OF","597.0","361","($46.4)","($19.3)","($11.0)","($7.8)","($27.1)","($111.7)","$46.4","($64.4)"
"Johan Camargo","Braves","3B","418.5","392","($30.4)","($17.4)","($18.3)","($18.5)","($29.8)","($114.3)","$48.5","($64.9)"
"Devon Travis","Blue Jays","2B","590.5","304","($38.5)","($24.3)","($14.9)","($12.0)","($34.8)","($124.5)","$58.1","($65.3)"
"Dansby Swanson","Braves","SS","471.8","480","($33.3)","($21.0)","($22.0)","($3.4)","($31.0)","($110.6)","$42.6","($67.0)"
"Eduardo Nunez","Red Sox","2B/3B","457.9","238","($34.8)","($25.3)","($17.0)","($6.8)","($42.4)","($126.3)","$58.1","($67.1)"
"Chris Davis","Orioles","1B","557.6","541","($80.2)","($6.0)","($12.5)","($17.5)","$9.4","($106.7)","$38.2","($67.5)"
"Nick Ahmed","Diamondbacks","SS","522.7","555","($41.9)","($18.8)","($24.6)","($4.1)","($24.3)","($113.7)","$42.6","($70.2)"
"Ronald Guzman","Rangers","1B","489.1","389","($38.6)","($17.5)","($13.6)","($17.3)","($23.3)","($110.3)","$38.2","($71.1)"
"Kyle Tucker","Astros","OF","294.3","261","($49.4)","($21.0)","($13.8)","($4.5)","($29.9)","($118.6)","$46.4","($71.2)"
"Luis Urias","Padres","2B","420.3","581","($26.0)","($39.0)","($14.2)","($11.0)","($40.4)","($130.6)","$58.1","($71.4)"
"Michael A. Taylor","Nationals","OF","511.0","318","($55.9)","($25.5)","($20.0)","$16.5","($33.9)","($118.8)","$46.4","($71.4)"
"Freddy Galvis","Blue Jays","SS","551.8","484","($37.7)","($24.1)","($18.4)","($2.2)","($32.9)","($115.4)","$42.6","($71.8)"
"Colin Moran","Pirates","3B","520.8","362","($30.9)","($20.7)","($20.3)","($17.5)","($32.1)","($121.5)","$48.5","($72.1)"
"Lewis Brinson","Marlins","OF","448.6","493","($48.5)","($20.4)","($23.9)","($7.7)","($20.0)","($120.5)","$46.4","($73.1)"
"Justin Bour","Angels","1B","426.3","308","($49.1)","($14.3)","($10.2)","($19.2)","($19.5)","($112.3)","$38.2","($73.1)"
"Delino DeShields","Rangers","OF","375.3","374","($49.4)","($39.1)","($12.7)","$25.6","($47.3)","($122.9)","$46.4","($75.5)"
"Neil Walker","Marlins","1B/2B/3B","548.2","362","($42.7)","($23.9)","($21.8)","($19.0)","($29.0)","($136.4)","$58.1","($77.3)"
"Tyler O'Neill","Cardinals","OF","392.8","230","($57.3)","($16.6)","($14.9)","($14.9)","($21.8)","($125.5)","$46.4","($78.1)"
"Logan Morrison","","1B/DH","598.2","365","($60.4)","($12.4)","($12.9)","($18.2)","($13.4)","($117.3)","$38.2","($78.1)"
"Scott Kingery","Phillies","SS","433.1","399","($46.3)","($24.2)","($21.1)","$2.3","($33.1)","($122.5)","$42.6","($78.9)"
"Ryon Healy","Mariners","1B","489.2","333","($44.3)","($15.9)","($17.9)","($20.2)","($19.8)","($118.1)","$38.2","($78.9)"
"Eric Thames","Brewers","1B/OF","492.8","259","($59.2)","($19.2)","($13.3)","($12.8)","($22.4)","($126.9)","$46.4","($79.6)"
"Jedd Gyorko","Cardinals","3B","582.2","305","($48.8)","($19.0)","($17.4)","($17.2)","($26.7)","($129.2)","$48.5","($79.7)"
"Didi Gregorius","Yankees","SS","390.7","247","($44.4)","($20.4)","($14.0)","($13.1)","($31.6)","($123.5)","$42.6","($79.9)"
"Erik Gonzalez","Pirates","2B/3B","594.2","332","($40.3)","($29.2)","($23.2)","($5.8)","($42.2)","($140.6)","$58.1","($81.5)"
"Matt Adams","Nationals","1B","553.2","269","($48.4)","($16.1)","($15.7)","($19.9)","($23.1)","($123.2)","$38.2","($84.0)"
"Tony Kemp","Astros","OF","594.8","294","($37.3)","($31.2)","($16.4)","$0.5","($48.0)","($132.5)","$46.4","($85.1)"
"Dexter Fowler","Cardinals","OF","542.8","367","($49.4)","($26.8)","($13.9)","($8.0)","($34.3)","($132.5)","$46.4","($85.1)"
"D.J. Stewart","Orioles","OF/DH","589.8","303","($53.5)","($26.1)","($17.5)","($5.1)","($31.0)","($133.3)","$46.4","($85.9)"
"JaCoby Jones","Tigers","OF","592.6","401","($61.7)","($26.8)","($19.5)","$5.4","($32.0)","($134.6)","$46.4","($87.2)"
"Greg Allen","Indians","OF","286.8","298","($48.6)","($34.4)","($18.8)","$14.9","($49.5)","($136.3)","$46.4","($89.0)"
"Todd Frazier","Mets","3B","558.7","300","($68.1)","($20.3)","($18.2)","($11.4)","($21.7)","($139.7)","$48.5","($90.2)"
"Hunter Dozier","Royals","1B/3B","545.6","428","($54.0)","($23.2)","($22.0)","($12.2)","($29.6)","($140.9)","$48.5","($91.5)"
"Denard Span","","OF","599.4","281","($44.3)","($31.8)","($14.4)","($8.4)","($40.4)","($139.4)","$46.4","($92.0)"
"Matt Duffy","Rays","3B","534.8","282","($36.5)","($32.4)","($18.2)","($8.4)","($46.6)","($142.0)","$48.5","($92.5)"
"Alex Verdugo","Dodgers","OF","472.7","258","($40.1)","($27.5)","($18.8)","($14.0)","($40.1)","($140.6)","$46.4","($93.2)"
"Austin Dean","Marlins","OF","598.8","308","($35.7)","($27.1)","($23.7)","($17.1)","($37.6)","($141.2)","$46.4","($93.9)"
"Chris Owings","Royals","OF","578.2","301","($46.5)","($31.9)","($21.7)","$1.2","($44.8)","($143.6)","$46.4","($96.2)"
"Mac Williamson","Giants","OF","565.1","376","($60.9)","($21.5)","($23.3)","($14.1)","($23.8)","($143.7)","$46.4","($96.3)"
"Raimel Tapia","Rockies","OF/DH","524.0","205","($40.5)","($30.9)","($18.7)","($6.1)","($47.8)","($144.0)","$46.4","($96.6)"
"Franklin Barreto","Athletics","2B","545.5","230","($62.0)","($28.3)","($18.3)","($11.3)","($36.1)","($156.0)","$58.1","($96.8)"
"Yandy Diaz","Rays","1B/3B/DH","494.4","332","($30.1)","($32.5)","($19.7)","($16.3)","($47.9)","($146.5)","$48.5","($97.1)"
"Yangervis Solarte","Giants","2B/3B","550.1","236","($50.4)","($27.7)","($21.0)","($18.4)","($39.7)","($157.1)","$58.1","($98.0)"
"Nathaniel Lowe","Rays","1B","558.3","237","($45.6)","($24.3)","($15.7)","($18.9)","($32.9)","($137.4)","$38.2","($98.2)"
"Austin Slater","Giants","1B/OF","599.5","318","($41.2)","($30.5)","($23.5)","($7.6)","($42.8)","($145.7)","$46.4","($98.3)"
"Troy Tulowitzki","Yankees","SS","495.4","241","($52.2)","($23.2)","($16.7)","($18.4)","($31.8)","($142.3)","$42.6","($98.8)"
"Curtis Granderson","Marlins","OF/DH","580.5","435","($60.6)","($28.0)","($20.1)","($14.1)","($25.0)","($147.8)","$46.4","($100.4)"
"Avisail Garcia","Rays","OF","386.8","225","($52.1)","($25.1)","($18.5)","($16.9)","($35.5)","($148.0)","$46.4","($100.6)"
"Mikie Mahtook","Tigers","OF","599.4","267","($54.5)","($27.1)","($18.4)","($11.8)","($36.2)","($148.1)","$46.4","($100.7)"
"Jordy Mercer","Tigers","SS","586.5","345","($42.3)","($27.8)","($18.6)","($17.9)","($38.9)","($145.4)","$42.6","($101.9)"
"Fernando Tatis Jr.","Padres","SS","283.7","289","($59.9)","($28.8)","($20.2)","($2.3)","($35.0)","($146.2)","$42.6","($102.7)"
"Chad Pinder","Athletics","2B/OF","523.3","213","($58.3)","($28.6)","($19.6)","($17.7)","($37.6)","($161.8)","$58.1","($102.7)"
"Addison Russell","Cubs","SS","564.5","307","($48.5)","($24.5)","($21.1)","($16.4)","($35.8)","($146.3)","$42.6","($102.7)"
"Joey Rickard","Orioles","OF","999.0","329","($47.7)","($33.3)","($20.2)","($8.1)","($42.2)","($151.4)","$46.4","($104.1)"
"Keon Broxton","Mets","OF","536.7","390","($85.9)","($31.6)","($25.5)","$21.7","($31.9)","($153.1)","$46.4","($105.7)"
"Lonnie Chisenhall","Pirates","OF","569.7","240","($48.2)","($27.9)","($21.6)","($16.0)","($40.1)","($153.7)","$46.4","($106.3)"
"Roman Quinn","Phillies","OF","513.7","201","($59.0)","($34.4)","($20.1)","$7.1","($47.4)","($153.8)","$46.4","($106.5)"
"Adam Duvall","Braves","OF","579.5","248","($66.1)","($22.2)","($19.7)","($16.7)","($29.8)","($154.4)","$46.4","($107.1)"
"Brock Holt","Red Sox","2B/SS","582.5","270","($44.4)","($31.2)","($18.4)","($8.6)","($48.3)","($150.9)","$42.6","($107.3)"
"Jung Ho Kang","Pirates","3B","499.6","155","($55.6)","($27.7)","($18.5)","($17.4)","($38.6)","($157.8)","$48.5","($108.3)"
"Gerardo Parra","Giants","OF","581.3","303","($42.5)","($31.6)","($26.3)","($9.3)","($46.5)","($156.1)","$46.4","($108.8)"
"Hernan Perez","Brewers","2B/3B/SS/OF","437.2","216","($54.0)","($29.4)","($21.2)","($5.6)","($42.1)","($152.3)","$42.6","($108.8)"
"Jose Bautista","","3B/OF","999.0","276","($69.5)","($28.6)","($15.0)","($14.6)","($31.2)","($158.9)","$48.5","($109.5)"
"J.P. Crawford","Mariners","SS","558.9","388","($57.8)","($28.9)","($19.8)","($10.5)","($36.4)","($153.3)","$42.6","($109.8)"
"Howie Kendrick","Nationals","2B","599.3","145","($51.8)","($34.0)","($20.1)","($15.0)","($48.4)","($169.3)","$58.1","($110.2)"
"Dustin Fowler","Athletics","OF","569.7","167","($55.4)","($32.4)","($18.3)","($7.6)","($44.4)","($158.0)","$46.4","($110.6)"
"Adam Engel","White Sox","OF","584.0","351","($68.2)","($34.0)","($22.8)","$7.9","($41.4)","($158.5)","$46.4","($111.1)"
"Jarrod Dyson","Diamondbacks","OF","579.9","201","($55.0)","($37.5)","($22.0)","$6.8","($51.0)","($158.8)","$46.4","($111.4)"
"Brandon Drury","Blue Jays","1B/2B/3B/SS/DH","582.5","302","($51.6)","($28.4)","($20.7)","($17.4)","($38.6)","($156.7)","$42.6","($113.1)"
"Steven Duggar","Giants","OF","529.8","378","($50.9)","($36.5)","($27.0)","$1.0","($47.2)","($160.5)","$46.4","($113.2)"
"Juan Lagares","Mets","OF","599.4","265","($49.3)","($33.2)","($26.2)","($6.9)","($47.0)","($162.6)","$46.4","($115.2)"
"J.T. Riddle","Marlins","SS","594.5","352","($45.3)","($31.0)","($28.1)","($14.6)","($39.9)","($158.8)","$42.6","($115.2)"
"Daniel Robertson","Rays","2B/SS","562.0","283","($53.1)","($31.2)","($18.8)","($16.0)","($41.0)","($160.0)","$42.6","($116.5)"
"Yairo Munoz","Cardinals","2B/3B/SS/OF","512.6","198","($52.9)","($31.2)","($21.9)","($11.4)","($43.6)","($161.1)","$42.6","($117.5)"
"Wilmer Difo","Nationals","2B/3B","592.9","193","($57.5)","($34.7)","($24.8)","($10.6)","($49.3)","($176.9)","$58.1","($117.7)"
"Pablo Reyes","Pirates","2B/3B/OF","999.0","133","($58.5)","($36.2)","($21.9)","($11.8)","($48.6)","($177.0)","$58.1","($117.9)"
"Greg Bird","Yankees","1B","519.1","204","($66.1)","($25.1)","($15.7)","($19.8)","($31.1)","($157.8)","$38.2","($118.6)"
"Martin Prado","Marlins","3B","599.0","267","($44.6)","($36.5)","($23.3)","($17.5)","($47.0)","($169.0)","$48.5","($119.5)"
"Jake Cave","Twins","OF","561.7","197","($57.6)","($31.2)","($19.8)","($16.3)","($42.2)","($167.0)","$46.4","($119.6)"
"Leury Garcia","White Sox","OF","594.1","200","($55.5)","($35.6)","($22.2)","($7.4)","($47.2)","($167.9)","$46.4","($120.5)"
"Daniel Descalso","Cubs","2B/3B","597.2","203","($64.4)","($32.4)","($20.4)","($18.8)","($43.9)","($179.9)","$58.1","($120.8)"
"Brian Goodwin","Royals","OF","599.1","216","($63.1)","($32.8)","($20.5)","($11.4)","($40.6)","($168.5)","$46.4","($121.1)"
"David Bote","Cubs","3B","593.8","162","($61.3)","($30.8)","($21.9)","($16.3)","($42.5)","($172.8)","$48.5","($123.3)"
"Kevin Newman","Pirates","SS","596.2","212","($47.3)","($36.2)","($26.5)","($4.2)","($52.7)","($166.9)","$42.6","($123.3)"
"Nicky Delmonico","White Sox","OF","599.3","188","($62.7)","($30.9)","($19.5)","($18.0)","($40.1)","($171.2)","$46.4","($123.9)"
"David Freese","Dodgers","1B/3B","588.5","175","($60.1)","($30.9)","($20.5)","($20.4)","($42.6)","($174.6)","$48.5","($125.1)"
"Dan Vogelbach","Mariners","1B","594.4","174","($59.6)","($28.6)","($18.3)","($20.3)","($38.3)","($165.0)","$38.2","($125.8)"
"Melky Cabrera","Pirates","OF","597.3","141","($51.6)","($33.4)","($21.4)","($19.3)","($47.7)","($173.3)","$46.4","($126.0)"
"Mark Canha","Athletics","OF","596.0","160","($63.2)","($31.4)","($19.3)","($18.6)","($41.5)","($174.1)","$46.4","($126.7)"
"Derek Dietrich","Reds","1B/OF","565.7","165","($61.1)","($30.6)","($21.1)","($19.9)","($41.9)","($174.6)","$46.4","($127.2)"
"Matt Holliday","","1B/OF/DH","999.0","176","($63.6)","($30.6)","($20.1)","($20.0)","($41.0)","($175.3)","$46.4","($128.0)"
"Yoenis Cespedes","Mets","OF","527.9","107","($64.0)","($30.9)","($19.9)","($19.4)","($41.2)","($175.4)","$46.4","($128.0)"
"Brett Phillips","Royals","OF","598.7","344","($72.5)","($32.3)","($24.4)","($7.8)","($38.4)","($175.4)","$46.4","($128.0)"
"Peter O'Brien","Marlins","1B/OF","566.6","290","($83.4)","($25.0)","($23.5)","($19.8)","($24.3)","($176.0)","$46.4","($128.6)"
"Bradley Zimmer","Indians","OF","553.6","143","($67.5)","($34.9)","($20.2)","($7.5)","($46.0)","($176.1)","$46.4","($128.7)"
"Taylor Ward","Angels","3B","594.2","148","($63.6)","($34.4)","($20.3)","($16.0)","($45.0)","($179.3)","$48.5","($129.9)"
"Phillip Ervin","Reds","OF","598.6","142","($65.9)","($34.0)","($22.3)","($9.2)","($46.0)","($177.3)","$46.4","($129.9)"
"Christian Walker","Diamondbacks","1B/OF/DH","594.8","142","($65.2)","($31.1)","($21.0)","($18.8)","($41.1)","($177.3)","$46.4","($129.9)"
"Tim Beckham","Mariners","3B/SS","542.1","216","($63.3)","($31.0)","($22.6)","($16.9)","($40.2)","($174.0)","$42.6","($130.5)"
"Jake Marisnick","Astros","OF","599.1","161","($72.5)","($32.7)","($20.2)","($10.5)","($42.2)","($178.0)","$46.4","($130.6)"
"Victor Reyes","Tigers","OF/DH","600.5","156","($56.8)","($36.5)","($23.5)","($9.8)","($51.7)","($178.3)","$46.4","($130.9)"
"Noel Cuevas","Rockies","OF","999.0","121","($56.6)","($34.7)","($22.0)","($16.1)","($49.3)","($178.6)","$46.4","($131.2)"
"Chris Young","","OF","999.0","167","($68.8)","($31.5)","($21.2)","($16.2)","($40.9)","($178.7)","$46.4","($131.4)"
"Aledmys Diaz","Astros","3B/SS","522.8","117","($60.7)","($32.2)","($19.7)","($17.9)","($44.9)","($175.5)","$42.6","($131.9)"
"Nick Martini","Athletics","OF","585.6","234","($55.8)","($39.2)","($18.3)","($17.0)","($50.2)","($180.5)","$46.4","($133.1)"
"Andrew Romine","","P/1B/2B/3B/SS/OF","999.0","376","($57.1)","($36.0)","($27.5)","($8.1)","($48.3)","($177.0)","$42.6","($133.5)"
"Socrates Brito","Diamondbacks","OF","999.0","151","($61.6)","($34.6)","($23.4)","($14.4)","($47.0)","($181.0)","$46.4","($133.6)"
"Kevin Kramer","Pirates","2B/3B","597.6","91","($65.6)","($37.1)","($23.3)","($17.0)","($50.2)","($193.2)","$58.1","($134.0)"
"Nick Williams","Phillies","OF","539.4","107","($64.7)","($32.4)","($21.1)","($18.9)","($44.3)","($181.4)","$46.4","($134.0)"
"Garrett Cooper","Marlins","1B/OF","999.0","169","($57.6)","($34.7)","($24.6)","($19.3)","($46.4)","($182.6)","$46.4","($135.2)"
"Miguel Rojas","Marlins","1B/3B/SS","584.3","206","($50.8)","($36.7)","($26.2)","($16.1)","($49.0)","($178.9)","$42.6","($135.3)"
"Michael Hermosillo","Angels","OF","999.0","149","($68.4)","($35.4)","($21.2)","($11.0)","($46.7)","($182.7)","$46.4","($135.3)"
"Robbie Grossman","Athletics","OF/DH","594.6","159","($59.3)","($35.8)","($19.8)","($19.5)","($48.7)","($183.1)","$46.4","($135.7)"
"Aaron Altherr","Phillies","OF","600.5","146","($69.9)","($33.3)","($20.9)","($16.0)","($43.7)","($183.8)","$46.4","($136.4)"
"Clint Frazier","Yankees","OF/DH","547.5","96","($67.0)","($34.1)","($19.9)","($17.4)","($45.5)","($183.9)","$46.4","($136.6)"
"Jose Osuna","Pirates","1B/3B/OF","999.0","92","($62.4)","($35.0)","($22.1)","($18.7)","($48.5)","($186.7)","$48.5","($137.3)"
"Greg Garcia","Padres","2B","999.0","143","($64.3)","($39.5)","($24.1)","($16.7)","($52.1)","($196.6)","$58.1","($137.5)"
"Rio Ruiz","Orioles","3B","999.0","137","($63.7)","($35.4)","($22.4)","($19.3)","($46.4)","($187.1)","$48.5","($137.6)"
"Cory Spangenberg","Brewers","2B/3B","598.8","75","($68.5)","($37.5)","($23.1)","($18.0)","($50.6)","($197.6)","$58.1","($138.5)"
"Tommy La Stella","Angels","3B","999.0","156","($60.3)","($36.9)","($21.7)","($18.6)","($51.0)","($188.5)","$48.5","($139.1)"
"Jose Rondon","White Sox","1B/2B/3B/SS/DH","999.0","130","($65.2)","($34.2)","($22.2)","($15.8)","($45.3)","($182.7)","$42.6","($139.1)"
"Logan Forsythe","Rangers","2B","999.0","81","($67.1)","($38.5)","($21.9)","($19.5)","($51.3)","($198.3)","$58.1","($139.1)"
"Brandon Phillips","","2B/3B","999.0","71","($66.6)","($38.5)","($23.1)","($18.6)","($51.9)","($198.8)","$58.1","($139.6)"
"Ben Gamel","Brewers","OF","597.4","111","($60.3)","($37.3)","($22.3)","($16.4)","($51.2)","($187.5)","$46.4","($140.2)"
"Mike Tauchman","Rockies","OF","600.4","91","($62.7)","($36.7)","($21.9)","($15.4)","($50.8)","($187.6)","$46.4","($140.2)"
"Jose Reyes","","3B/SS","999.0","124","($64.8)","($36.3)","($21.8)","($12.6)","($48.5)","($184.0)","$42.6","($140.5)"
"Kyle Farmer","Reds","3B","999.0","136","($62.4)","($35.7)","($23.6)","($19.3)","($49.8)","($190.7)","$48.5","($141.3)"
"Alen Hanson","Giants","2B/OF","576.5","53","($69.6)","($38.8)","($23.7)","($16.5)","($52.1)","($200.7)","$58.1","($141.5)"
"Ronald Torreyes","Twins","2B","999.0","71","($64.8)","($38.9)","($23.3)","($19.9)","($53.8)","($200.7)","$58.1","($141.5)"
"Alex Blandino","Reds","2B","601.0","90","($69.7)","($37.7)","($24.0)","($19.3)","($50.5)","($201.2)","$58.1","($142.0)"
"Brad Miller","Dodgers","1B/2B","999.0","61","($72.2)","($37.4)","($22.6)","($20.0)","($49.5)","($201.6)","$58.1","($142.4)"
"Andrew Toles","Dodgers","OF","600.9","106","($64.5)","($36.2)","($22.8)","($17.3)","($49.0)","($189.8)","$46.4","($142.4)"
"Brandon Dixon","Tigers","1B/OF","999.0","92","($67.9)","($36.0)","($22.3)","($15.8)","($48.0)","($190.1)","$46.4","($142.7)"
"Cameron Maybin","Giants","OF","596.3","111","($65.1)","($38.8)","($23.2)","($11.6)","($51.5)","($190.1)","$46.4","($142.7)"
"Austin Jackson","","OF","999.0","181","($61.1)","($38.8)","($23.6)","($16.4)","($50.7)","($190.6)","$46.4","($143.3)"
"Jorge Bonifacio","Royals","OF","599.9","131","($66.0)","($35.8)","($22.3)","($19.8)","($46.8)","($190.8)","$46.4","($143.4)"
"Jose Pirela","Padres","2B/OF","600.0","49","($68.8)","($39.0)","($23.3)","($19.3)","($52.3)","($202.6)","$58.1","($143.5)"
"Richie Martin","Orioles","SS","585.9","168","($64.3)","($38.4)","($24.2)","($9.1)","($51.3)","($187.4)","$42.6","($143.8)"
"Tyler Austin","Twins","1B/DH","581.8","101","($67.7)","($32.5)","($20.5)","($19.5)","($42.9)","($183.1)","$38.2","($143.9)"
"Jose Iglesias","Reds","SS","588.0","118","($61.0)","($37.2)","($23.5)","($13.9)","($52.3)","($187.9)","$42.6","($144.3)"
"Guillermo Heredia","Rays","OF","999.0","121","($62.8)","($37.9)","($22.6)","($17.3)","($51.1)","($191.8)","$46.4","($144.4)"
"Austin Riley","Braves","3B","574.5","75","($67.7)","($35.8)","($22.4)","($20.4)","($47.6)","($193.9)","$48.5","($144.4)"
"Jon Jay","White Sox","OF","589.6","161","($59.4)","($41.2)","($21.9)","($17.4)","($53.0)","($192.9)","$46.4","($145.5)"
"Max Moroff","Indians","2B/SS","999.0","149","($70.5)","($35.8)","($20.1)","($16.8)","($46.0)","($189.1)","$42.6","($145.5)"
"Pablo Sandoval","Giants","1B/3B","600.8","100","($67.4)","($35.7)","($24.3)","($20.3)","($47.4)","($195.0)","$48.5","($145.6)"
"Drew Jackson","Orioles","2B/SS","999.0","147","($69.4)","($37.8)","($23.5)","($10.5)","($48.6)","($189.8)","$42.6","($146.3)"
"Pat Valaika","Rockies","1B/2B/3B/SS","999.0","101","($66.9)","($34.8)","($22.5)","($18.8)","($47.3)","($190.2)","$42.6","($146.7)"
"Travis Jankowski","Padres","OF","559.2","100","($67.0)","($41.3)","($22.7)","($9.7)","($53.4)","($194.1)","$46.4","($146.7)"
"Zack Granite","Rangers","OF","601.0","80","($64.9)","($39.0)","($23.0)","($14.0)","($53.3)","($194.2)","$46.4","($146.9)"
"Alcides Escobar","Orioles","3B/SS","597.2","190","($59.8)","($38.5)","($25.8)","($14.7)","($51.8)","($190.5)","$42.6","($146.9)"
"Adrian Sanchez","Nationals","2B/3B","999.0","46","($70.4)","($39.5)","($24.2)","($18.6)","($53.6)","($206.3)","$58.1","($147.1)"
"Christian Arroyo","Rays","2B/3B/DH","600.1","33","($70.4)","($39.3)","($23.5)","($20.1)","($53.0)","($206.3)","$58.1","($147.2)"
"Ronny Rodriguez","Tigers","SS","999.0","79","($65.6)","($36.5)","($22.8)","($17.0)","($49.6)","($191.5)","$42.6","($148.0)"
"Andy Young","Diamondbacks","2B","999.0","28","($71.5)","($39.2)","($23.5)","($20.5)","($52.4)","($207.2)","$58.1","($148.0)"
"Ramon Urias","Cardinals","2B","999.0","27","($71.5)","($39.5)","($23.6)","($20.3)","($52.9)","($207.7)","$58.1","($148.6)"
"Rosell Herrera","Marlins","OF","999.0","111","($65.1)","($39.5)","($24.9)","($13.7)","($52.7)","($196.0)","$46.4","($148.6)"
"Charlie Culberson","Braves","3B/SS/OF","581.8","136","($66.5)","($36.0)","($24.1)","($17.0)","($48.6)","($192.2)","$42.6","($148.6)"
"Dwight Smith Jr.","Blue Jays","OF","999.0","78","($67.3)","($37.6)","($22.7)","($18.0)","($50.5)","($196.1)","$46.4","($148.7)"
"J.D. Davis","Mets","3B","594.4","67","($69.7)","($36.8)","($23.2)","($20.2)","($48.7)","($198.5)","$48.5","($149.0)"
"Dylan Moore","Mariners","1B","999.0","147","($68.9)","($36.7)","($23.3)","($11.2)","($48.5)","($188.6)","$38.2","($149.4)"
"T.J. Rivera","Mets","2B/3B","999.0","27","($70.9)","($39.8)","($24.0)","($20.5)","($53.5)","($208.7)","$58.1","($149.5)"
"Ehire Adrianza","Twins","3B/SS","600.5","96","($65.0)","($37.5)","($22.3)","($17.1)","($51.3)","($193.2)","$42.6","($149.6)"
"Keston Hiura","Brewers","2B","498.3","20","($72.0)","($39.8)","($23.7)","($20.0)","($53.4)","($208.9)","$58.1","($149.7)"
"Chris Shaw","Giants","OF","600.2","108","($70.7)","($35.5)","($24.3)","($20.3)","($46.3)","($197.1)","$46.4","($149.7)"
"Luis Rengifo","Angels","2B","600.7","20","($72.5)","($40.1)","($23.5)","($19.0)","($53.9)","($208.9)","$58.1","($149.8)"
"Patrick Wisdom","Rangers","1B/3B","598.5","65","($72.2)","($37.2)","($22.5)","($18.8)","($48.9)","($199.6)","$48.5","($150.1)"
"Derek Fisher","Astros","OF","600.5","65","($72.8)","($37.3)","($21.8)","($16.9)","($48.9)","($197.7)","$46.4","($150.4)"
"Jacoby Ellsbury","Yankees","OF","999.0","70","($69.5)","($38.9)","($21.8)","($16.1)","($51.8)","($198.0)","$46.4","($150.7)"
"Austin Hays","Orioles","OF","560.5","47","($69.3)","($37.5)","($22.7)","($19.4)","($49.8)","($198.7)","$46.4","($151.3)"
"Anthony Santander","Orioles","OF","999.0","52","($69.3)","($37.8)","($22.9)","($19.6)","($50.3)","($200.0)","$46.4","($152.6)"
"Steve Wilkerson","Orioles","2B/3B/SS","999.0","143","($66.5)","($38.6)","($24.7)","($16.2)","($50.5)","($196.6)","$42.6","($153.1)"
"Jace Peterson","","3B/OF","999.0","66","($70.9)","($39.8)","($23.3)","($16.3)","($52.9)","($203.2)","$48.5","($153.7)"
"Preston Tucker","White Sox","OF","999.0","58","($71.9)","($37.4)","($22.7)","($20.4)","($49.0)","($201.3)","$46.4","($153.9)"
"Drew Ferguson","Giants","OF","999.0","86","($69.1)","($39.2)","($24.1)","($16.9)","($52.1)","($201.5)","$46.4","($154.1)"
"Andrew Stevenson","Nationals","OF","999.0","65","($68.9)","($39.1)","($23.9)","($16.7)","($52.9)","($201.5)","$46.4","($154.2)"
"Matt Davidson","Rangers","1B/DH","592.6","95","($72.0)","($34.4)","($21.9)","($20.8)","($45.0)","($194.1)","$38.2","($154.9)"
"Mitch Walding","Phillies","3B","999.0","73","($75.1)","($37.5)","($23.1)","($20.3)","($48.5)","($204.4)","$48.5","($155.0)"
"Yonathan Daza","Rockies","OF","999.0","34","($67.4)","($39.2)","($23.3)","($19.1)","($53.6)","($202.6)","$46.4","($155.3)"
"Anthony Alford","Blue Jays","OF/DH","999.0","67","($71.5)","($39.6)","($23.4)","($15.9)","($52.4)","($202.7)","$46.4","($155.3)"
"Oscar Mercado","Indians","SS","597.8","67","($70.3)","($39.0)","($23.4)","($13.9)","($52.6)","($199.1)","$42.6","($155.5)"
"Connor Joe","Reds","1B/3B","999.0","54","($71.6)","($38.7)","($23.4)","($20.1)","($51.4)","($205.2)","$48.5","($155.7)"
"Tyler Saladino","Brewers","SS","999.0","81","($70.5)","($38.4)","($23.4)","($16.4)","($50.9)","($199.6)","$42.6","($156.0)"
"Drew Robinson","Cardinals","OF","999.0","59","($74.1)","($38.1)","($23.1)","($18.4)","($50.1)","($203.8)","$46.4","($156.4)"
"Ildemaro Vargas","Diamondbacks","2B/3B/SS","999.0","66","($65.8)","($38.8)","($23.8)","($18.7)","($53.0)","($200.0)","$42.6","($156.5)"
"Carlos Gomez","Mets","OF","600.5","47","($73.1)","($38.9)","($23.6)","($18.4)","($51.3)","($205.2)","$46.4","($157.8)"
"Mauricio Dubon","Brewers","2B/SS","598.4","47","($69.9)","($39.3)","($23.7)","($16.6)","($52.8)","($202.3)","$42.6","($158.7)"
"LaMonte Wade","Twins","OF","999.0","33","($70.6)","($39.5)","($23.0)","($19.9)","($53.0)","($206.1)","$46.4","($158.7)"
"Carlos Tocci","Rangers","OF","999.0","52","($69.8)","($39.9)","($23.8)","($18.9)","($53.9)","($206.4)","$46.4","($159.0)"
"Richard Urena","Blue Jays","SS","999.0","77","($69.3)","($38.8)","($23.6)","($18.9)","($52.0)","($202.6)","$42.6","($159.0)"
"Tyrone Taylor","Brewers","OF","999.0","40","($72.5)","($39.0)","($23.7)","($19.3)","($52.0)","($206.4)","$46.4","($159.0)"
"Rowdy Tellez","Blue Jays","1B/DH","571.3","51","($69.1)","($37.0)","($22.4)","($19.7)","($50.0)","($198.3)","$38.2","($159.1)"
"Michael Reed","Twins","OF","999.0","27","($71.6)","($39.5)","($23.0)","($19.8)","($52.8)","($206.8)","$46.4","($159.4)"
"Mark Zagunis","Cubs","OF","999.0","45","($72.4)","($39.3)","($23.3)","($19.6)","($52.3)","($206.9)","$46.4","($159.5)"
"Hanley Ramirez","Indians","1B","588.7","49","($70.2)","($36.8)","($22.2)","($19.9)","($49.7)","($198.7)","$38.2","($159.5)"
"Adeiny Hechavarria","Mets","SS","999.0","79","($68.0)","($38.7)","($24.8)","($19.4)","($52.2)","($203.2)","$42.6","($159.6)"
"Joey Curletta","Mariners","1B/OF","999.0","39","($73.1)","($39.0)","($23.2)","($20.5)","($51.4)","($207.1)","$46.4","($159.7)"
"Dylan Cozens","Phillies","OF","999.0","27","($74.5)","($38.7)","($23.2)","($19.7)","($51.1)","($207.2)","$46.4","($159.8)"
"Hanser Alberto","Orioles","2B/3B/SS","999.0","46","($67.9)","($39.0)","($23.7)","($20.1)","($52.8)","($203.6)","$42.6","($160.0)"
"Jonathan Davis","Blue Jays","OF/DH","999.0","34","($72.5)","($39.9)","($23.3)","($18.6)","($53.1)","($207.4)","$46.4","($160.0)"
"Magneuris Sierra","Marlins","OF","600.6","65","($70.0)","($40.7)","($26.0)","($16.6)","($54.2)","($207.4)","$46.4","($160.1)"
"Ryan Cordell","White Sox","OF","999.0","33","($73.1)","($39.3)","($23.6)","($19.3)","($52.2)","($207.5)","$46.4","($160.1)"
"Kevin Cron","Diamondbacks","1B","600.3","61","($70.4)","($36.9)","($23.0)","($20.6)","($48.5)","($199.5)","$38.2","($160.3)"
"Joe McCarthy","Rays","1B","999.0","66","($69.9)","($38.2)","($22.5)","($18.1)","($50.9)","($199.6)","$38.2","($160.4)"
"Jason Martin","Pirates","OF","999.0","20","($72.6)","($39.7)","($23.7)","($19.8)","($53.1)","($209.0)","$46.4","($161.6)"
"Rajai Davis","Mets","OF","597.3","20","($73.6)","($40.4)","($23.8)","($17.7)","($53.7)","($209.2)","$46.4","($161.8)"
"Dustin Peterson","Tigers","PH/PR","999.0","33","($71.4)","($39.3)","($23.5)","($20.5)","($52.6)","($207.3)","$44.3","($162.0)"
"Cole Tucker","Pirates","SS","600.8","34","($71.9)","($40.2)","($24.1)","($17.5)","($53.9)","($207.6)","$42.6","($164.0)"
"Breyvic Valera","Giants","2B/3B/SS/OF","999.0","32","($70.6)","($40.0)","($24.1)","($19.4)","($53.8)","($207.9)","$42.6","($164.3)"
"Willi Castro","Tigers","SS","999.0","33","($71.9)","($39.8)","($23.8)","($19.1)","($53.3)","($207.9)","$42.6","($164.3)"
"Josh Fuentes","Rockies","1B","999.0","28","($69.3)","($38.8)","($23.1)","($20.3)","($52.7)","($204.3)","$38.2","($165.1)"
"A.J. Reed","Astros","1B","597.6","40","($73.5)","($38.0)","($22.8)","($20.9)","($50.3)","($205.5)","$38.2","($166.3)"
"Bobby Bradley","Indians","1B","601.0","26","($73.0)","($38.5)","($22.8)","($20.7)","($51.2)","($206.2)","$38.2","($167.0)"
"Matt Thaiss","Angels","1B","597.9","33","($71.8)","($39.2)","($23.3)","($20.0)","($52.7)","($207.1)","$38.2","($167.9)"
