"Name","Team","G","PA","AB","H","2B","3B","HR","R","RBI","BB","SO","HBP","SB","CS","AVG","OBP","SLG","OPS","wOBA","Fld","BsR","WAR","playerid"
"Mike Trout","Angels","155","651","524","161","33","4","38","112","107","111","127","9","20","9",".308",".434",".604","1.038",".428","-2.6","2.9","8.5","10155"
"Bryce Harper","Nationals","142","595","488","147","29","1","35","96","100","98","112","4","9","5",".302",".419",".582","1.001",".413","3.3","0.6","5.8","11579"
"Joey Votto","Reds","158","665","531","157","30","1","29","97","90","122","105","6","5","3",".296",".430",".521",".951",".400","-0.7","-3.8","4.5","4314"
"Giancarlo Stanton","Marlins","150","630","541","151","29","1","48","99","119","78","160","6","3","2",".280",".374",".602",".976",".400","0.9","-0.4","5.4","4949"
"Paul Goldschmidt","Diamondbacks","158","665","549","159","33","3","32","99","100","104","148","6","16","7",".290",".405",".534",".939",".391","4.9","0.8","4.6","9218"
"Anthony Rizzo","Cubs","158","665","554","156","34","3","35","102","105","86","98","19","8","5",".282",".393",".542",".935",".391","6.1","-1.5","4.9","3473"
"Kris Bryant","Cubs","160","672","564","161","33","3","34","106","97","87","143","13","8","5",".285",".389",".534",".923",".389","2.2","3.1","6.3","15429"
"Josh Donaldson","Blue Jays","158","665","558","152","31","2","37","107","98","92","135","7","4","2",".273",".379",".534",".914",".385","4.5","0.1","6.3","5038"
"Nolan Arenado","Rockies","158","665","596","176","38","5","39","99","117","59","105","4","4","2",".295",".359",".572",".931",".384","6.3","-0.5","4.8","9777"
"Freddie Freeman","Braves","150","630","529","150","33","2","29","88","91","87","133","8","7","5",".283",".390",".521",".911",".380","3.5","-0.1","4.0","5361"
"Manny Machado","Orioles","158","665","599","174","35","1","39","101","105","55","107","3","8","5",".290",".351",".546",".897",".374","10.7","-1.2","6.2","11493"
"Carlos Correa","Astros","155","651","569","165","35","2","30","94","104","72","119","4","8","4",".291",".372",".516",".888",".374","-2.1","1.0","5.9","14162"
"Mookie Betts","Red Sox","150","630","556","166","39","3","26","98","86","62","70","3","21","8",".299",".370",".517",".887",".373","12.1","4.1","5.5","13611"
"Aaron Judge","Yankees","150","630","525","133","21","2","37","92","97","93","192","6","7","4",".253",".368",".515",".883",".370","2.5","-0.3","4.2","15640"
"George Springer","Astros","150","630","538","148","27","2","31","101","82","73","131","9","10","5",".274",".368",".504",".872",".370","-4.7","0.8","4.6","12856"
"J.D. Martinez","","150","630","558","154","31","2","38","88","105","61","173","4","3","2",".276",".349",".543",".891",".370","-8.6","-2.3","2.7","6184"
"Rhys Hoskins","Phillies","144","605","522","137","24","2","35","81","96","71","127","7","4","3",".262",".354",".519",".874",".368","0.3","0.5","3.1","16472"
"Miguel Cabrera","Tigers","158","665","580","167","32","1","30","89","98","75","132","5","1","1",".288",".371",".502",".873",".367","-0.4","-5.1","2.8","1744"
"Carlos Santana","","155","651","540","141","30","3","28","89","84","99","99","5","5","3",".261",".377",".480",".857",".366","1.0","-0.8","3.2","2396"
"Charlie Blackmon","Rockies","150","630","560","166","28","7","25","96","74","50","113","10","17","8",".296",".362",".505",".867",".365","-7.9","1.3","2.3","7859"
"Justin Turner","Dodgers","133","560","490","142","31","1","21","74","79","53","83","12","4","2",".290",".371",".486",".857",".365","2.4","-0.6","4.2","5235"
"Nelson Cruz","Mariners","152","637","561","153","26","1","37","88","105","62","153","8","2","1",".273",".352",".518",".870",".364","0.0","-3.2","2.8","2434"
"Andrew McCutchen","Pirates","150","630","541","152","31","2","24","83","84","77","124","6","9","5",".282",".375",".482",".857",".364","-11.2","-0.2","3.1","9847"
"Anthony Rendon","Nationals","150","630","539","152","36","1","22","92","75","76","102","7","8","4",".282",".375",".479",".853",".364","6.6","0.6","4.8","12861"
"Jose Abreu","White Sox","145","609","552","160","31","3","30","81","94","40","116","12","2","1",".291",".349",".520",".869",".363","-2.1","-1.8","2.8","15676"
"Yasiel Puig","Dodgers","133","560","491","138","27","2","26","72","83","58","103","4","11","7",".281",".359",".505",".864",".363","3.7","-1.5","3.3","14225"
"Edwin Encarnacion","Indians","158","665","562","141","26","1","37","94","105","91","136","6","2","1",".251",".359",".496",".855",".362","-2.1","-2.8","2.5","2151"
"Marcell Ozuna","Marlins","158","665","597","172","32","3","31","87","104","58","136","3","3","2",".288",".351",".507",".859",".361","3.0","-0.4","3.8","10324"
"Matt Carpenter","Cardinals","142","595","489","127","31","2","20","85","63","91","125","7","4","2",".260",".381",".457",".838",".361","0.0","0.1","2.6","8090"
"Daniel Murphy","Nationals","133","560","506","157","36","3","18","72","82","42","65","5","3","2",".310",".366",".496",".862",".360","-5.3","0.0","2.6","4316"
"Jose Altuve","Astros","155","651","585","181","36","3","18","93","84","51","76","8","24","9",".309",".369",".477",".847",".360","-3.7","-0.8","4.3","5417"
"Corey Seager","Dodgers","142","595","525","151","33","1","23","87","73","58","112","4","4","2",".288",".360",".489",".849",".359","4.6","1.4","5.0","13624"
"Christian Yelich","Marlins","150","630","547","159","35","2","18","83","76","72","125","5","11","5",".291",".376",".461",".837",".359","-3.8","1.6","3.9","11477"
"Miguel Sano","Twins","142","595","514","130","24","2","35","83","96","71","196","4","1","1",".253",".346",".509",".855",".358","-0.2","-2.0","3.6","12164"
"Francisco Lindor","Indians","158","665","594","173","35","3","26","96","89","58","83","4","14","7",".292",".356",".490",".846",".358","10.9","0.0","5.9","12916"
"Eric Hosmer","","155","651","579","167","30","1","26","82","94","64","116","3","4","3",".289",".359",".482",".841",".357","0.9","-1.1","2.7","3516"
"Michael Conforto","Mets","133","560","483","126","26","2","28","75","74","63","129","7","4","2",".261",".351",".496",".847",".357","4.8","0.9","3.4","16376"
"Jose Ramirez","Indians","158","665","598","177","43","4","21","88","92","55","68","4","18","9",".295",".356",".487",".843",".357","1.7","1.1","4.5","13510"
"Joey Gallo","Rangers","152","637","537","122","21","3","42","91","101","86","220","6","7","4",".227",".338",".512",".850",".357","-0.6","1.3","2.6","14128"
"Gary Sanchez","Yankees","122","512","460","123","22","1","30","71","82","40","109","6","3","2",".268",".333",".512",".844",".355","-0.1","-0.6","4.0","11442"
"Gregory Bird","Yankees","133","560","484","123","25","1","29","75","82","64","122","5","3","2",".254",".344",".492",".836",".354","-2.3","-0.7","2.1","14131"
"Brandon Belt","Giants","138","581","491","128","31","4","20","68","72","80","139","4","4","3",".260",".365",".459",".824",".354","7.2","-0.5","3.0","10264"
"Cody Bellinger","Dodgers","133","560","489","123","22","2","34","76","91","62","140","3","9","5",".252",".338",".512",".850",".353","1.7","0.2","2.4","15998"
"Joc Pederson","Dodgers","94","395","330","80","17","0","19","49","53","54","96","6","5","3",".243",".355",".471",".826",".352","1.3","0.1","2.0","11899"
"Buster Posey","Giants","115","483","424","125","25","1","14","55","62","51","57","4","3","2",".295",".374",".456",".830",".352","6.6","-1.9","4.0","9166"
"Ryan Braun","Brewers","138","581","520","143","29","2","27","77","83","51","112","5","13","7",".275",".343",".495",".838",".352","-4.1","-1.9","1.6","3410"
"Domingo Santana","Brewers","145","609","522","134","27","1","27","79","80","74","172","6","10","6",".257",".352",".469",".821",".351","-6.4","0.3","1.7","10348"
"Andrew Benintendi","Red Sox","150","630","555","158","34","3","20","85","82","62","100","5","16","9",".285",".359",".465",".825",".351","1.0","-0.3","2.8","17901"
"Eric Thames","Brewers","130","546","469","118","22","3","27","76","69","62","148","7","8","4",".252",".346",".485",".831",".351","-1.4","-0.7","1.5","3711"
"Yoenis Cespedes","Mets","117","490","443","119","24","2","26","64","74","38","102","4","2","2",".269",".331",".509",".840",".349","1.5","0.4","2.4","13110"
"Adrian Beltre","Rangers","148","623","560","160","30","2","23","80","91","52","85","6","2","1",".286",".350",".471",".821",".349","5.8","-1.7","3.7","639"
"Alex Bregman","Astros","150","630","558","154","34","4","23","86","84","57","96","6","13","7",".276",".347",".473",".820",".348","-2.2","-0.5","3.7","17678"
"Lucas Duda","","100","420","359","87","19","0","22","56","60","50","108","6","1","1",".243",".343",".485",".828",".348","-0.3","-0.6","1.4","2502"
"A.J. Pollock","Diamondbacks","158","665","596","167","39","5","22","93","78","55","101","5","26","11",".281",".345",".473",".818",".348","2.8","1.4","3.4","9256"
"Michael Brantley","Indians","117","490","437","127","28","1","14","63","66","45","64","3","9","4",".291",".358",".459",".817",".348","-0.7","0.6","1.7","4106"
"Kyle Schwarber","Cubs","108","455","389","93","16","1","25","64","64","55","130","5","3","2",".240",".338",".482",".821",".348","1.0","0.6","2.0","16478"
"DJ LeMahieu","Rockies","158","665","591","182","31","4","10","86","64","60","95","5","10","5",".309",".374",".426",".800",".347","0.9","-1.0","2.1","9874"
"Yulieski Gurriel","Astros","145","609","563","166","39","1","22","78","87","32","73","7","4","3",".294",".337",".484",".821",".347","-4.1","-0.7","2.0","19198"
"Ryan Zimmerman","Nationals","144","605","547","147","30","1","30","77","96","48","136","4","2","1",".269",".331",".491",".822",".347","-3.6","-0.2","1.4","4220"
"Brian Dozier","Twins","162","679","588","150","31","3","31","101","85","73","138","7","14","7",".255",".343",".478",".820",".347","-1.7","2.3","3.8","9810"
"Jake Lamb","Diamondbacks","158","665","571","144","31","5","29","85","92","82","162","5","6","4",".253",".349",".474",".823",".346","-5.3","0.9","2.5","13329"
"Trea Turner","Nationals","150","630","574","170","33","7","16","76","76","42","116","4","47","18",".296",".346",".463",".810",".345","0.4","2.8","3.8","16252"
"Hanley Ramirez","Red Sox","142","595","527","140","28","1","27","78","89","56","122","6","5","3",".267",".342",".476",".818",".345","0.0","-2.2","1.2","8001"
"Willson Contreras","Cubs","129","542","479","129","26","1","21","66","75","52","112","5","6","4",".270",".346",".462",".807",".345","-1.8","-2.0","3.1","11609"
"Justin Bour","Marlins","133","560","493","130","23","1","27","69","81","58","118","3","2","1",".265",".343",".479",".822",".344","1.5","-2.3","1.7","9744"
"David Dahl","Rockies","130","545","499","142","27","5","20","68","75","37","126","3","13","7",".284",".335",".478",".813",".344","0.5","0.4","1.1","13744"
"Willie Calhoun","Rangers","148","623","568","158","28","3","29","82","90","42","84","4","4","2",".277",".329",".489",".818",".344","-1.0","0.2","2.1","17838"
"Josh Bell","Pirates","142","595","522","141","26","4","21","72","78","64","104","3","5","3",".271",".351",".457",".807",".344","-2.2","-2.0","1.3","13145"
"Tommy Pham","Cardinals","143","601","518","138","26","2","20","78","68","68","150","7","19","9",".266",".356",".439",".795",".344","0.7","1.5","2.8","2967"
"Mike Moustakas","","133","560","506","134","25","1","30","74","81","41","89","6","2","1",".265",".325",".496",".821",".343","-0.1","-2.0","2.7","4892"
"Ian Desmond","Rockies","149","625","565","159","29","3","23","79","82","48","153","5","17","8",".282",".341",".466",".807",".343","5.4","1.1","1.2","6885"
"Justin Smoak","Blue Jays","150","630","548","136","26","1","32","83","92","71","150","4","1","1",".248",".336",".474",".810",".343","0.8","-2.0","1.9","9054"
"Rafael Devers","Red Sox","133","560","511","145","32","3","20","70","78","40","117","3","7","4",".283",".336",".476",".812",".342","-2.4","-0.3","2.5","17350"
"Shin-Soo Choo","Rangers","150","630","537","139","25","2","22","87","70","74","140","10","10","5",".259",".357",".433",".789",".342","-0.1","-0.6","1.3","3174"
"Neil Walker","","142","595","524","141","26","2","22","74","77","58","107","6","3","2",".269",".346",".455",".801",".342","-3.9","-0.3","2.6","7539"
"Dexter Fowler","Cardinals","133","560","472","122","23","6","15","75","56","74","121","6","10","5",".258",".363",".427",".790",".342","-6.0","1.2","2.0","4062"
"Chris Davis","Orioles","135","567","484","110","20","1","33","76","85","71","195","6","2","1",".226",".330",".478",".808",".341","0.9","0.5","1.8","9272"
"Khris Davis","Athletics","150","630","559","135","27","1","37","83","99","60","181","6","3","2",".241",".318",".492",".810",".341","0.0","-1.4","1.6","9112"
"Robinson Cano","Mariners","152","637","579","164","31","1","25","79","90","47","94","5","2","1",".283",".339",".470",".809",".341","-2.4","-2.6","3.1","3269"
"Wil Myers","Padres","153","644","561","140","27","3","29","78","88","72","164","5","17","9",".249",".337",".462",".800",".341","0.3","0.5","2.0","10047"
"Kyle Seager","Mariners","152","637","563","148","31","1","28","81","88","61","107","6","3","2",".262",".339",".469",".807",".341","1.4","-1.0","3.6","9785"
"Nick Castellanos","Tigers","158","665","607","165","34","7","26","82","91","46","148","5","5","3",".272",".326",".480",".806",".340","-8.6","-2.0","1.5","11737"
"Nomar Mazara","Rangers","150","630","562","153","27","2","25","81","86","55","120","6","3","2",".273",".341",".460",".801",".340","0.8","-1.0","2.0","14553"
"Xander Bogaerts","Red Sox","150","630","565","162","32","4","16","79","78","53","105","5","11","5",".288",".352",".442",".794",".340","-1.2","2.1","3.6","12161"
"Yandy Diaz","Indians","108","455","394","114","20","2","7","51","47","52","86","3","4","2",".288",".373",".400",".773",".339","0.1","-0.2","2.2","16578"
"Jonathan Schoop","Orioles","153","644","598","165","33","1","31","82","94","30","135","8","2","1",".276",".317",".487",".804",".339","-1.5","-1.0","3.0","11265"
"Josh Reddick","Astros","133","560","503","139","28","3","19","74","74","49","80","2","7","4",".277",".340",".456",".796",".339","0.7","1.3","2.5","3892"
"Matt Olson","Athletics","148","623","538","127","25","1","32","80","86","73","159","5","3","2",".235",".329",".467",".797",".338","0.2","-0.5","2.0","14344"
"David Peralta","Diamondbacks","158","665","600","168","35","5","19","85","77","50","124","7","9","5",".280",".339",".449",".789",".337","-1.9","0.6","1.3","2136"
"Joe Mauer","Twins","137","574","499","140","29","2","11","71","63","66","94","3","2","1",".280",".365",".414",".779",".337","2.3","-2.0","1.5","1857"
"Avisail Garcia","White Sox","133","560","507","142","23","3","20","65","72","40","122","7","5","3",".280",".338",".453",".792",".337","-2.8","-0.5","1.7","5760"
"Matt Joyce","Athletics","100","420","355","85","20","1","16","54","48","56","93","3","3","2",".240",".347",".431",".778",".336","-4.0","0.0","1.2","3353"
"Justin Upton","Angels","150","630","553","136","29","1","30","80","89","66","184","4","11","6",".246",".329",".464",".793",".336","-3.5","1.1","2.2","5222"
"Jesse Winker","Reds","29","123","107","29","6","0","3","14","13","13","21","1","1","1",".275",".357",".420",".777",".336","-0.1","0.0","0.4","13590"
"Lorenzo Cain","","142","595","538","154","29","4","15","73","68","45","106","7","16","7",".287",".347",".436",".782",".336","4.2","0.6","3.2","9077"
"Adam Eaton","Nationals","133","560","491","138","27","4","11","75","50","51","98","10","12","6",".281",".357",".415",".772",".336","0.9","1.8","1.7","11205"
"Steve Pearce","Blue Jays","145","609","539","136","29","2","27","78","82","54","126","9","2","2",".253",".328",".461",".789",".335","-2.4","-0.5","1.5","9957"
"Logan Morrison","","133","560","483","117","22","1","26","69","77","66","126","6","3","2",".242",".336",".454",".790",".335","0.0","-0.6","1.3","9205"
"Dustin Pedroia","Red Sox","150","630","558","160","31","1","13","82","66","60","72","3","6","4",".288",".358",".414",".772",".335","7.2","-2.5","3.1","8370"
"Trevor Story","Rockies","158","665","591","149","34","4","29","82","92","60","200","5","11","6",".252",".324",".470",".794",".335","-0.8","0.6","1.9","12564"
"Yonder Alonso","","125","525","457","119","24","1","18","62","65","58","100","3","3","1",".261",".346",".436",".781",".334","0.7","-1.4","1.1","2530"
"Jose Martinez","Cardinals","72","303","271","77","14","1","8","35","37","26","58","2","4","2",".282",".346",".433",".779",".334","-0.9","-0.2","0.8","7996"
"Starling Marte","Pirates","142","595","541","154","30","4","15","74","67","33","119","14","29","12",".286",".340",".440",".780",".334","5.2","2.0","2.5","9241"
"Wilmer Flores","Mets","133","560","518","141","27","1","25","65","79","31","81","4","3","2",".272",".316",".476",".792",".334","-2.8","-1.2","2.2","5827"
"Curtis Granderson","","83","350","298","70","14","2","14","45","40","44","81","4","4","2",".237",".340",".438",".778",".334","-1.0","0.3","1.0","4747"
"Jackie Bradley Jr.","Red Sox","150","630","552","142","32","4","21","78","79","61","143","9","9","4",".258",".339",".443",".781",".334","4.0","1.0","3.2","12984"
"Evan Gattis","Astros","138","580","530","135","27","2","31","76","91","39","120","5","2","1",".254",".309",".487",".796",".334","-0.3","-1.7","1.8","11003"
"Maikel Franco","Phillies","117","490","448","118","24","1","23","60","70","34","76","3","1","1",".263",".318",".474",".792",".333","-1.8","-0.7","1.7","12179"
"Jay Bruce","","117","490","440","109","24","2","23","61","72","43","110","2","2","1",".249",".317",".474",".791",".333","-2.6","-0.6","1.1","9892"
"Matt Kemp","Braves","133","560","514","138","29","1","24","66","81","39","129","3","2","1",".269",".321",".471",".793",".333","-12.7","-2.0","0.0","5631"
"Kendrys Morales","Blue Jays","128","539","486","124","25","1","25","68","81","43","117","5","1","0",".255",".320",".466",".786",".333","0.0","-4.4","0.5","8610"
"Pedro Alvarez","","50","210","188","47","9","0","11","25","31","18","57","1","1","0",".247",".313",".478",".791",".333","-2.4","0.0","0.2","2495"
"Yasmany Tomas","Diamondbacks","158","665","612","162","33","3","31","80","98","42","167","3","4","3",".265",".313",".478",".791",".332","-10.8","-1.7","0.0","17171"
"Trey Mancini","Orioles","153","644","590","162","29","4","24","77","84","41","153","6","2","1",".274",".325",".457",".782",".332","-2.2","-0.2","1.5","15149"
"Max Kepler","Twins","133","560","499","130","28","3","20","70","73","51","106","4","7","4",".260",".331",".449",".780",".332","0.3","1.1","1.8","12144"
"Ben Zobrist","Cubs","136","570","491","128","27","3","14","71","63","69","82","3","4","3",".260",".353",".413",".766",".332","-0.9","-0.7","1.6","7435"
"Eugenio Suarez","Reds","150","630","550","138","26","2","23","72","78","66","146","8","7","4",".251",".337",".434",".771",".332","-0.5","-0.8","2.3","12552"
"Mark Trumbo","Orioles","138","581","528","134","24","1","31","74","87","44","144","2","1","1",".253",".311",".476",".787",".332","-0.2","-1.5","0.9","6876"
"Adam Jones","Orioles","150","630","585","160","27","1","29","83","86","31","114","7","3","1",".273",".315",".469",".784",".331","-7.2","1.1","2.1","6368"
"Robbie Grossman","Twins","130","546","462","117","24","1","13","66","57","74","116","3","5","3",".254",".358",".393",".751",".330","-0.3","-0.1","0.9","5254"
"Aaron Hicks","Yankees","125","525","454","114","23","1","17","67","61","60","99","3","12","7",".251",".341",".422",".763",".330","-0.7","0.5","2.2","5297"
"Jedd Gyorko","Cardinals","145","608","544","137","24","2","27","72","84","54","134","4","5","3",".253",".322",".452",".775",".330","-0.7","-1.2","2.2","10816"
"Evan Longoria","Rays","150","630","573","152","32","2","25","75","86","46","119","5","4","2",".264",".322",".459",".780",".330","2.7","0.0","3.0","9368"
"Yasmani Grandal","Dodgers","76","320","276","64","13","0","14","37","42","39","82","2","1","1",".233",".329",".438",".767",".329","-0.1","-1.5","1.7","11368"
"Troy Tulowitzki","Blue Jays","117","490","440","114","22","1","20","58","63","40","93","4","2","1",".260",".326",".447",".772",".329","0.0","-1.7","2.2","3531"
"Matt Holliday","","100","420","368","91","18","1","16","50","54","43","100","5","1","1",".247",".331",".435",".766",".329","0.0","-2.1","0.3","1873"
"Brett Gardner","Yankees","117","490","425","110","20","3","13","66","48","52","93","5","12","5",".259",".345",".412",".757",".329","2.2","1.8","1.8","9927"
"Jason Heyward","Cubs","133","560","494","131","25","3","14","65","65","55","85","4","9","4",".266",".343",".418",".760",".329","11.6","0.6","2.4","4940"
"Travis Shaw","Brewers","147","616","548","136","28","1","27","72","84","57","144","5","6","3",".249",".323",".454",".777",".328","-2.1","-1.2","1.7","11982"
"Gregory Polanco","Pirates","137","574","514","137","30","2","19","68","70","50","99","3","13","6",".266",".333",".440",".773",".328","3.4","1.2","1.8","12907"
"Jorge Soler","Royals","153","644","559","135","27","1","27","75","79","71","182","6","3","2",".241",".330",".435",".765",".328","-0.3","-0.1","1.0","14221"
"Kole Calhoun","Angels","153","644","566","145","27","2","21","82","75","64","134","6","4","2",".256",".336",".427",".763",".328","4.9","0.6","2.6","11200"
"Ian Happ","Cubs","138","581","518","128","24","3","27","74","80","52","159","4","11","6",".248",".319",".458",".777",".328","1.5","-0.9","1.7","17919"
"Aaron Altherr","Phillies","133","560","497","124","27","4","21","66","73","48","141","8","9","5",".250",".324",".446",".769",".327","-0.3","-0.8","1.0","11270"
"Joe Panik","Giants","92","385","342","95","18","3","7","44","37","34","38","3","3","2",".278",".347",".411",".758",".327","0.7","-0.1","1.6","11936"
"Melky Cabrera","","100","420","387","110","22","2","11","49","49","26","51","2","1","1",".285",".331",".433",".764",".327","-6.2","-1.8","0.2","4022"
"Carlos Gonzalez","","108","455","409","105","24","1","18","54","61","40","106","2","2","1",".255",".322",".451",".773",".327","-1.2","-0.3","0.9","7287"
"Todd Frazier","","142","595","520","121","24","1","28","71","82","61","134","8","7","4",".234",".321",".444",".765",".327","1.1","-0.3","2.3","785"
"Eduardo Nunez","","117","490","455","131","27","1","13","60","55","24","68","4","20","9",".287",".326",".439",".765",".327","-1.8","0.3","1.7","6848"
"Eddie Rosario","Twins","158","665","619","169","34","3","25","80","92","35","134","3","12","7",".273",".312",".462",".775",".327","2.2","1.0","1.9","12155"
"Sam Travis","Red Sox","150","630","562","151","32","1","16","73","74","56","125","4","9","5",".270",".338",".416",".754",".326","1.5","-0.4","1.1","16263"
"Rougned Odor","Rangers","153","644","594","152","29","4","32","83","95","33","135","8","14","9",".255",".302",".479",".780",".326","-5.2","0.9","1.9","12282"
"Scott Schebler","Reds","145","609","547","135","26","3","28","70","83","44","141","12","7","4",".247",".314",".461",".775",".326","-0.9","0.5","1.1","12225"
"Danny Valencia","","33","140","127","33","6","1","5","16","18","11","33","1","1","0",".262",".323",".441",".764",".326","-1.0","-0.6","0.1","6364"
"Nick Delmonico","White Sox","125","525","462","115","23","2","19","61","66","53","113","4","4","2",".248",".328",".434",".761",".326","0.2","-0.4","1.4","13157"
"Kolten Wong","Cardinals","133","560","490","131","25","4","13","62","60","50","84","12","10","4",".268",".348",".414",".762",".326","-0.7","1.4","2.1","12532"
"Jonathan Lucroy","","99","416","368","98","20","2","10","45","47","40","61","4","2","1",".267",".342",".417",".759",".326","2.9","-1.7","2.3","7870"
"Derek Dietrich","Marlins","63","266","232","58","12","2","8","30","31","21","58","9","1","1",".252",".336",".422",".758",".325","-0.9","0.2","0.7","10542"
"Stephen Piscotty","Cardinals","117","490","429","109","24","2","15","57","57","49","104","6","6","4",".253",".336",".418",".754",".325","0.5","-1.4","1.0","13367"
"Austin Hays","Orioles","125","525","490","135","25","3","19","64","67","23","98","5","7","4",".276",".312",".455",".767",".325","-10.9","-0.3","0.2","19363"
"Ketel Marte","Diamondbacks","133","560","507","145","29","5","9","63","57","42","77","3","12","6",".286",".341",".414",".755",".325","-4.1","0.6","1.5","13613"
"C.J. Cron","Angels","142","595","543","140","28","2","25","71","82","36","130","8","5","3",".257",".311",".454",".765",".325","1.9","-1.5","1.4","12546"
"Odubel Herrera","Phillies","150","630","566","156","32","3","15","79","58","48","135","6","15","8",".275",".336",".421",".757",".324","2.3","0.6","2.3","11476"
"Luke Voit","Cardinals","18","74","66","18","4","0","2","8","9","6","16","1","1","0",".265",".329",".427",".756",".324","0.0","0.1","0.2","14811"
"Victor Martinez","Tigers","133","560","504","136","24","1","18","64","71","45","89","6","1","1",".269",".333",".427",".760",".324","0.0","-5.7","-0.1","393"
"Ian Kinsler","Tigers","145","609","547","144","27","3","19","79","64","46","92","7","12","6",".263",".326",".430",".756",".324","3.6","0.4","2.7","6195"
"Yunel Escobar","","83","350","315","88","16","1","7","42","33","27","49","3","3","2",".280",".341",".405",".746",".324","-3.6","-2.1","0.7","4191"
"Russell Martin","Blue Jays","115","483","411","94","18","1","18","56","58","58","121","8","3","2",".230",".333",".412",".745",".324","3.1","-1.9","2.7","4616"
"Addison Russell","Cubs","125","525","465","117","25","3","19","62","69","47","113","6","5","3",".250",".324",".441",".765",".324","8.3","0.3","2.9","14106"
"Brandon Moss","Royals","142","595","526","121","25","2","30","71","81","56","180","5","3","2",".231",".309",".456",".765",".324","-3.9","-0.5","0.5","4467"
"Paul DeJong","Cardinals","147","616","569","148","30","2","27","72","86","34","155","6","3","2",".260",".307",".460",".766",".324","-0.4","-0.7","2.5","18015"
"Corey Dickerson","Rays","150","630","577","150","33","3","26","77","80","41","153","4","4","3",".259",".310",".462",".773",".324","-0.1","-0.5","1.1","10762"
"Alex Avila","","76","320","264","59","11","1","10","36","33","50","104","2","1","1",".223",".349",".385",".734",".324","1.3","-1.4","1.6","7476"
"Austin Barnes","Dodgers","83","350","304","78","16","2","8","36","37","37","60","4","6","3",".258",".343",".399",".742",".323","-0.5","-0.4","1.7","12158"
"Mitch Haniger","Mariners","147","616","548","138","28","2","22","75","73","51","137","9","8","5",".252",".323",".431",".754",".323","1.1","-0.9","1.9","14274"
"Stephen Vogt","Brewers","61","256","231","59","12","1","10","29","33","20","48","2","1","1",".257",".319",".442",".761",".323","-1.2","-0.5","1.0","5000"
"Tommy Joseph","Phillies","75","315","290","72","14","1","16","37","46","20","72","3","1","1",".250",".301",".466",".767",".323","-0.5","-1.0","0.4","10349"
"Asdrubal Cabrera","Mets","150","630","566","147","33","1","20","73","71","51","111","6","4","2",".260",".325",".431",".756",".323","-1.7","-2.4","1.9","4962"
"Kennys Vargas","Twins","88","371","324","77","14","1","16","45","48","40","104","2","1","1",".238",".324",".431",".755",".323","0.1","-0.3","0.3","12101"
"Jason Kipnis","Indians","142","595","529","137","34","2","16","78","64","52","120","6","11","5",".259",".330",".420",".750",".323","2.1","1.3","1.7","9776"
"Andrew Toles","Dodgers","75","315","289","80","17","1","9","41","32","18","58","3","9","5",".275",".322",".436",".758",".323","2.8","0.3","1.0","13414"
"Marcus Semien","Athletics","142","595","529","133","28","2","21","74","69","55","126","2","11","5",".251",".322",".433",".754",".323","-10.0","0.4","1.9","12533"
"Cesar Hernandez","Phillies","150","630","550","151","24","6","8","76","50","67","115","4","15","8",".274",".355",".381",".736",".323","0.2","0.3","2.0","10556"
"Raimel Tapia","Rockies","117","490","456","135","23","6","8","54","55","23","81","3","16","9",".295",".332",".424",".756",".323","-1.4","0.2","-0.2","14350"
"Hunter Pence","Giants","140","588","532","140","23","4","19","66","72","48","122","3","3","2",".263",".325",".430",".754",".323","0.8","0.2","1.4","8252"
"Yangervis Solarte","Padres","160","672","605","160","32","2","20","69","79","53","85","7","3","2",".265",".329",".425",".754",".323","-9.2","-1.7","1.6","5352"
"Mitch Moreland","","125","525","467","114","24","1","23","61","71","46","117","6","1","1",".244",".318",".445",".763",".323","3.8","-1.3","0.9","3086"
"Zack Cozart","","142","595","530","136","27","5","18","74","63","52","93","4","4","2",".256",".326",".427",".752",".323","3.3","-0.4","2.7","2616"
"J.T. Realmuto","Marlins","122","512","468","128","27","3","14","53","62","32","90","5","7","4",".274",".325",".432",".757",".322","2.0","0.2","2.8","11739"
"Jorge Polanco","Twins","158","665","603","164","33","5","16","77","78","50","96","4","15","9",".272",".329",".420",".750",".322","-4.7","-0.1","2.3","13152"
"Lewis Brinson","Brewers","75","315","284","73","14","2","11","35","39","24","72","3","8","4",".256",".318",".442",".760",".322","-0.3","-0.2","0.8","14352"
"Brandon Guyer","Indians","50","210","183","47","11","1","5","25","22","15","42","9","2","1",".256",".339",".397",".736",".322","-0.3","-0.1","0.4","2636"
"Howie Kendrick","","33","140","126","35","6","1","3","16","15","10","28","1","3","2",".274",".333",".413",".746",".322","-0.2","-0.3","0.2","4229"
"Lonnie Chisenhall","Indians","100","420","380","100","22","2","13","49","52","31","87","3","4","2",".263",".322",".435",".756",".322","-0.8","0.5","0.8","7571"
"Francisco Cervelli","Pirates","91","384","332","88","16","2","6","38","38","42","78","5","3","2",".264",".354",".375",".729",".322","-2.5","-0.7","1.5","5275"
"Tyler Flowers","Braves","106","444","392","100","19","1","14","45","52","35","113","12","2","1",".254",".330",".414",".744",".322","-2.7","-1.5","1.5","9134"
"Brad Miller","Rays","142","595","516","123","24","4","21","70","70","68","146","4","8","5",".238",".328",".422",".750",".322","0.9","0.3","1.3","12775"
"Devon Travis","Blue Jays","108","455","419","114","27","1","13","55","53","27","87","3","8","4",".272",".318",".434",".753",".322","-0.6","0.4","1.6","13862"
"Steven Souza Jr.","Rays","150","630","545","127","23","2","25","75","75","70","195","7","12","6",".233",".326",".420",".745",".322","0.6","1.3","1.6","5667"
"Adrian Gonzalez","Dodgers","55","230","207","54","11","0","8","26","31","19","44","2","1","0",".260",".326",".431",".756",".321","0.0","-1.8","0.3","1908"
"Brandon Drury","Diamondbacks","121","510","468","126","31","2","15","55","63","32","98","4","3","2",".268",".318",".436",".754",".321","-0.9","-0.7","0.9","11615"
"Elvis Andrus","Rangers","153","644","586","163","34","3","12","76","71","47","90","4","22","10",".278",".333",".410",".743",".321","-5.9","1.7","2.0","8709"
"Javier Baez","Cubs","140","590","539","140","27","2","25","69","82","37","149","6","12","6",".261",".313",".459",".772",".320","2.7","1.1","2.1","12979"
"Gerardo Parra","Rockies","117","490","456","128","28","2","12","55","59","24","87","4","6","4",".280",".319",".432",".751",".320","0.5","-1.1","-0.2","8553"
"Marwin Gonzalez","Astros","123","518","469","123","27","1","17","63","65","37","108","5","7","4",".262",".321",".431",".752",".320","-1.7","-0.6","1.3","5497"
"Jed Lowrie","Athletics","142","595","527","138","33","2","12","67","63","58","98","4","1","1",".262",".337",".401",".738",".320","-3.3","-1.5","1.8","4418"
"Chris Iannetta","","61","256","219","50","11","0","9","28","30","30","68","3","1","1",".229",".327",".408",".736",".320","-0.1","-1.0","1.1","8267"
"Alex Dickerson","Padres","7","29","26","7","2","0","1","3","3","2","6","0","0","0",".260",".321",".431",".752",".320","0.0","0.0","0.1","12649"
"Byron Buxton","Twins","158","665","600","152","27","7","23","82","84","50","185","5","25","10",".254",".315",".437",".752",".320","6.0","3.6","3.1","14161"
"Robinson Chirinos","Rangers","123","515","451","104","21","2","22","63","66","47","133","9","4","2",".231",".314",".429",".744",".319","1.2","-1.5","2.1","3142"
"Chris Taylor","Dodgers","158","665","594","156","33","5","15","79","67","57","151","5","18","8",".263",".330",".408",".738",".319","-0.7","1.6","2.3","13757"
"Salvador Perez","Royals","125","525","492","129","25","1","24","60","73","21","100","5","1","1",".262",".297",".465",".762",".319","6.8","-2.5","3.0","7304"
"Brian McCann","Astros","107","448","393","92","14","1","20","55","61","43","82","7","1","1",".235",".318",".428",".746",".319","0.4","-2.1","2.3","4810"
"Aledmys Diaz","Blue Jays","38","161","147","39","9","1","5","20","19","10","26","2","2","1",".264",".317",".434",".750",".319","-0.7","-0.4","0.4","15937"
"Aledmys Diaz","Blue Jays","83","350","319","84","19","1","11","42","42","23","55","3","4","3",".264",".317",".434",".750",".319","-1.5","-0.8","1.0","15937"
"Randal Grichuk","Cardinals","68","286","262","64","14","2","14","34","41","18","83","2","3","2",".242",".293",".470",".763",".319","0.7","0.7","0.8","10243"
"Didi Gregorius","Yankees","142","595","550","148","29","1","20","68","77","32","80","7","4","3",".269",".314",".434",".748",".319","0.1","1.6","2.6","6012"
"Clint Frazier","Yankees","100","420","377","93","18","3","15","52","52","35","107","3","8","4",".247",".313",".435",".748",".319","-1.0","0.0","0.5","15983"
"Chris Young","","67","280","248","60","14","1","10","31","34","26","61","3","3","2",".242",".317",".423",".741",".318","-5.4","-0.1","0.3","3882"
"Jurickson Profar","Rangers","30","126","111","29","6","0","3","15","13","12","19","2","2","1",".262",".338",".389",".727",".318","-0.3","-0.1","0.3","10815"
"David Freese","Pirates","117","490","427","108","21","1","12","52","55","47","126","10","1","1",".253",".339",".392",".731",".318","-2.8","-2.3","0.8","9549"
"Jayson Werth","","58","245","212","50","10","1","8","29","26","28","62","2","3","1",".238",".330",".402",".732",".318","-3.3","0.0","0.1","1327"
"Denard Span","Giants","133","560","501","135","27","4","10","68","46","46","74","4","13","6",".269",".333",".400",".733",".318","-7.0","0.6","1.1","8347"
"Logan Forsythe","Dodgers","133","560","484","117","24","1","15","66","60","61","130","8","5","3",".243",".334",".391",".725",".317","-0.4","-0.6","1.7","7185"
"Kevin Kiermaier","Rays","150","630","565","144","28","5","18","76","68","50","132","6","20","10",".256",".320",".420",".740",".317","13.2","2.3","3.8","11038"
"Albert Almora Jr.","Cubs","100","420","390","108","22","2","11","47","50","22","66","2","4","2",".277",".317",".427",".743",".317","0.8","-0.6","1.1","14109"
"Derek Fisher","Astros","75","315","278","68","13","1","11","40","38","30","82","3","10","5",".243",".320",".419",".739",".317","0.4","-0.2","0.8","16192"
"Devin Mesoraco","Reds","76","320","280","64","12","1","13","35","39","31","72","4","3","2",".230",".315",".420",".736",".317","-0.1","-0.6","1.2","5666"
"Josh Harrison","Pirates","133","560","514","141","31","3","11","64","56","27","92","11","12","6",".275",".323",".413",".737",".317","-1.9","1.0","1.5","8202"
"Mike Zunino","Mariners","114","480","426","95","19","0","25","58","66","39","153","8","2","1",".223",".297",".448",".745",".316","1.3","-0.4","2.6","13265"
"Travis d'Arnaud","Mets","91","384","347","87","18","1","14","40","47","29","67","3","1","1",".251",".313",".431",".744",".316","-1.5","-0.7","1.6","7739"
"Tyler White","Astros","55","231","205","50","10","0","9","28","29","21","55","2","2","1",".243",".316",".420",".736",".316","0.0","0.0","0.2","15564"
"Starlin Castro","Yankees","142","595","554","150","27","1","19","68","77","30","112","5","3","2",".271",".312",".431",".743",".316","-4.6","-1.2","1.3","4579"
"Yadier Molina","Cardinals","130","547","503","139","29","1","13","58","66","34","74","4","6","4",".276",".324",".414",".739",".316","6.2","-3.6","2.7","7007"
"Luis Valbuena","Angels","142","595","516","115","24","1","25","70","75","68","147","4","3","2",".224",".317",".418",".734",".316","-3.2","-0.9","1.6","4969"
"Albert Pujols","Angels","147","616","564","143","22","1","27","73","88","43","90","4","2","1",".254",".309",".439",".748",".316","0.0","-4.8","0.0","1177"
"Jordan Luplow","Pirates","23","98","88","22","4","0","3","11","12","8","20","1","1","1",".252",".319",".419",".738",".316","-0.4","-0.1","0.1","16424"
"Adam Frazier","Pirates","54","228","205","57","10","2","2","25","20","18","30","2","6","4",".279",".341",".384",".725",".316","-0.2","0.3","0.4","15223"
"Mike Napoli","","25","105","91","20","3","0","5","12","14","12","33","1","1","0",".217",".313",".424",".737",".315","0.1","-0.5","0.0","3057"
"Mike Tauchman","Rockies","76","320","290","80","14","3","5","34","34","24","58","2","10","5",".276",".333",".398",".731",".315","-0.6","-0.3","-0.2","15274"
"Victor Caratini","Cubs","23","96","86","23","5","0","2","10","11","8","18","1","1","0",".264",".328",".405",".733",".315","-0.1","0.0","0.4","14968"
"Dan Vogelbach","Mariners","30","126","109","26","5","0","4","14","14","14","28","1","1","0",".242",".332",".393",".725",".315","-0.1","-0.1","0.1","14130"
"Welington Castillo","White Sox","91","384","347","85","15","0","16","43","48","29","103","3","1","1",".246",".309",".429",".738",".315","2.8","-1.6","2.0","3256"
"Victor Robles","Nationals","36","150","137","37","8","1","3","16","16","8","29","3","6","4",".272",".324",".407",".731",".315","-0.4","-0.3","0.3","18363"
"Jeimer Candelario","Tigers","133","560","499","124","29","3","15","63","64","49","120","4","2","1",".249",".320",".412",".731",".315","-1.8","-0.1","1.4","13621"
"Nick Williams","Phillies","150","630","583","149","29","5","23","70","82","34","175","6","7","5",".255",".301",".442",".743",".315","-2.8","-0.9","0.3","14330"
"Boog Powell","Athletics","138","581","516","139","23","4","9","63","55","53","102","3","14","9",".269",".339",".379",".718",".314","0.1","-0.9","1.9","15103"
"Yoan Moncada","White Sox","142","595","515","121","20","4","18","69","63","68","176","5","20","11",".235",".328",".396",".724",".314","-1.6","0.4","1.8","17232"
"Ozzie Albies","Braves","133","560","507","135","24","7","11","61","56","41","107","4","19","10",".266",".324",".406",".730",".314","2.1","0.3","1.6","16556"
"Ender Inciarte","Braves","150","630","570","160","26","4","9","76","50","47","80","3","18","8",".281",".336",".389",".725",".314","4.9","1.3","2.1","4922"
"Matt Chapman","Athletics","150","630","558","125","27","3","29","74","82","59","182","4","7","5",".224",".301",".438",".739",".314","3.9","0.6","2.5","16505"
"Martin Prado","Marlins","125","525","479","132","26","2","10","60","52","36","72","4","2","1",".275",".328",".400",".728",".314","1.2","-1.9","1.3","3312"
"Brandon Crawford","Giants","143","602","538","138","31","3","15","59","67","51","120","5","5","3",".256",".324",".410",".734",".314","6.0","-0.1","2.7","5343"
"Cheslor Cuthbert","Royals","158","665","604","158","33","2","18","71","73","49","124","3","4","2",".261",".317",".411",".729",".314","-2.4","-1.4","1.3","10473"
"Scooter Gennett","Reds","137","574","527","137","27","3","19","64","68","35","122","5","5","3",".259",".308",".427",".735",".313","-5.7","-0.7","0.6","10339"
"Nick Markakis","Braves","150","630","552","145","30","1","10","72","55","65","102","5","2","1",".263",".344",".377",".721",".313","-2.6","-1.3","0.2","5930"
"Chase Headley","Yankees","158","665","584","145","29","1","17","74","71","65","153","7","7","4",".249",".329",".388",".718",".312","1.5","-0.6","1.7","4720"
"Jose Pirela","Padres","83","350","320","83","16","2","9","38","37","24","66","2","6","3",".261",".314",".414",".728",".312","0.7","-0.1","0.5","5485"
"Tommy La Stella","Cubs","31","132","116","30","6","0","2","14","13","13","21","1","1","1",".260",".339",".372",".712",".312","-0.1","-0.2","0.2","12371"
"Mikie Mahtook","Tigers","150","630","576","148","29","7","17","70","72","38","151","8","8","4",".258",".310",".418",".729",".312","0.8","0.2","1.3","13130"
"Jean Segura","Mariners","147","616","565","155","28","2","13","76","58","34","93","7","21","9",".274",".322",".404",".726",".312","-5.7","1.0","2.0","5933"
"Eduardo Escobar","Twins","35","147","135","35","7","1","4","17","18","10","29","1","1","1",".258",".310",".423",".733",".312","0.0","0.1","0.4","6153"
"Jorge Bonifacio","Royals","142","595","535","132","24","3","20","66","67","47","150","5","3","2",".247",".312",".413",".725",".312","0.1","0.1","0.7","12174"
"Eric Sogard","Brewers","61","257","223","58","12","1","3","27","21","27","36","2","4","2",".261",".345",".362",".707",".312","-0.3","0.0","0.4","7927"
"Tim Beckham","Orioles","152","637","581","148","26","5","20","74","73","42","178","5","8","5",".254",".308",".421",".728",".312","-1.4","-0.4","1.8","7949"
"Jonathan Villar","Brewers","127","534","473","118","24","2","14","65","50","50","144","3","32","13",".249",".323",".398",".721",".311","-7.4","1.2","0.4","10071"
"Adam Duvall","Reds","143","602","550","127","27","2","29","68","86","40","164","7","5","3",".232",".290",".448",".738",".311","3.3","0.2","0.7","10950"
"Jesus Aguilar","Brewers","51","216","194","46","9","1","9","24","28","17","57","2","1","0",".236",".303",".429",".732",".311","-0.1","-0.1","0.1","11342"
"Rob Refsnyder","Blue Jays","8","35","31","8","2","0","1","4","3","3","7","0","1","0",".262",".331",".388",".719",".311","-0.2","0.0","0.1","13770"
"Jacoby Ellsbury","Yankees","108","455","405","104","19","3","10","56","45","40","73","4","16","6",".258",".328",".390",".718",".311","-0.5","1.4","0.5","4727"
"Carlos Gomez","","100","420","376","91","20","1","14","47","48","31","120","8","11","5",".242",".311",".412",".723",".311","0.4","0.5","1.1","4881"
"Chance Sisco","Orioles","76","320","286","74","15","0","7","36","33","26","77","3","3","2",".258",".325",".391",".716",".311","-0.6","0.0","1.3","15694"
"J.P. Crawford","Phillies","117","490","421","101","18","3","11","49","48","60","92","2","6","4",".239",".334",".374",".707",".311","-2.0","-0.3","1.0","15491"
"James Loney","","33","140","128","35","6","0","3","14","16","9","17","1","1","0",".273",".325",".397",".722",".311","-0.4","-0.8","-0.1","4556"
"Alex Gordon","Royals","147","616","534","126","24","2","17","67","63","61","156","12","8","4",".237",".327",".388",".715",".311","8.2","0.7","1.6","5209"
"Dominic Smith","Mets","142","595","542","137","26","1","20","61","71","43","123","4","2","1",".253",".309",".417",".727",".310","-0.1","-0.2","0.3","15653"
"Kevin Pillar","Blue Jays","150","630","582","156","37","2","15","79","61","32","98","6","15","7",".268",".311",".412",".723",".310","8.6","1.3","2.6","12434"
"Andrelton Simmons","Angels","153","644","588","158","32","2","13","69","70","44","64","5","13","7",".269",".322",".395",".717",".310","12.7","-1.1","3.6","10847"
"Hunter Renfroe","Padres","25","105","97","24","5","0","5","11","14","6","28","1","1","0",".246",".291",".445",".736",".310","-0.8","0.0","0.0","15464"
"Cameron Maybin","","83","350","308","78","15","2","7","41","32","35","71","2","16","7",".252",".329",".380",".709",".310","-3.8","0.3","0.5","5223"
"Mark Canha","Athletics","47","196","176","42","10","1","6","22","22","15","50","3","2","1",".241",".308",".413",".722",".310","-0.5","-0.1","0.1","11445"
"Abraham Almonte","Indians","42","175","156","40","9","1","4","20","19","16","39","1","4","2",".254",".323",".397",".720",".310","0.1","-0.1","0.2","5486"
"Jose Osuna","Pirates","45","188","174","45","10","1","5","20","23","10","34","2","2","1",".259",".304",".424",".728",".310","-0.1","-0.1","0.2","12937"
"Bryce Brentz","Red Sox","58","245","223","55","11","1","9","29","31","17","66","1","1","1",".245",".301",".424",".725",".310","-1.6","-0.1","0.1","10607"
"Brandon Nimmo","Mets","124","520","449","108","21","2","11","53","49","59","129","5","5","3",".241",".333",".371",".704",".310","-2.3","0.1","1.0","12927"
"Whit Merrifield","Royals","140","588","543","147","31","4","12","69","55","32","97","4","23","11",".271",".314",".407",".721",".310","0.4","1.1","1.6","11281"
"Rusney Castillo","Red Sox","8","35","33","9","2","0","1","4","4","2","7","0","1","0",".271",".310",".411",".722",".309","0.0","0.0","0.0","17016"
"Jose Reyes","","83","350","316","81","14","3","8","41","35","28","55","1","12","5",".257",".317",".401",".719",".309","-0.3","0.6","0.8","1736"
"Jake Bauers","Rays","50","210","183","45","9","0","5","23","21","22","44","2","5","3",".243",".327",".382",".709",".309","0.0","-0.1","0.3","sa737848"
"Daniel Descalso","Diamondbacks","75","315","274","65","14","3","7","33","33","34","69","3","3","2",".237",".326",".385",".711",".309","-1.2","0.3","0.2","8392"
"Carlos Beltran","","100","420","384","98","22","0","14","46","52","29","83","3","1","1",".254",".307",".419",".726",".309","0.0","-1.9","-0.4","589"
"Francisco Mejia","Indians","104","436","403","107","21","1","12","50","53","24","75","4","5","3",".265",".310",".414",".724",".309","0.0","0.0","0.1","16403"
"A.J. Reed","Astros","25","105","92","21","4","0","4","12","13","11","31","1","0","0",".224",".307",".413",".720",".309","-0.1","0.0","0.0","16246"
"Ronald Guzman","Rangers","12","49","44","12","2","0","1","6","6","3","10","0","0","0",".260",".316",".402",".718",".309","0.0","0.0","0.0","sa659670"
"Jordy Mercer","Pirates","142","595","531","138","27","4","13","60","63","51","95","4","3","2",".261",".328",".399",".727",".309","-5.4","0.3","1.2","6547"
"Zack Granite","Twins","20","84","76","21","3","1","1","9","8","6","10","1","4","2",".277",".330",".379",".709",".309","0.4","-0.1","0.1","15343"
"Wilson Ramos","Rays","107","448","414","104","16","1","19","49","58","27","79","2","1","1",".252",".299",".430",".729",".308","2.3","-2.5","2.0","1433"
"Teoscar Hernandez","Blue Jays","153","644","580","139","30","3","22","77","75","50","166","5","19","11",".240",".303",".418",".722",".308","-1.8","-0.4","0.4","13066"
"Kurt Suzuki","Braves","68","286","259","66","13","1","8","28","33","18","42","5","1","1",".254",".312",".406",".718",".308","-1.3","-1.2","0.7","8259"
"J.D. Davis","Astros","5","21","19","5","1","0","1","2","3","2","6","0","0","0",".239",".298",".425",".724",".308","0.0","0.0","0.1","16219"
"Dalton Pompey","Blue Jays","17","70","62","16","3","0","1","8","7","6","15","1","2","1",".253",".322",".386",".708",".308","0.5","0.0","0.1","12797"
"Dilson Herrera","Reds","30","126","115","29","5","1","4","13","14","9","29","1","2","1",".252",".307",".410",".717",".308","0.2","-0.1","0.2","14335"
"Guillermo Heredia","Mariners","148","623","555","146","26","1","11","67","60","49","96","11","7","5",".263",".331",".372",".704",".308","-5.8","-0.1","1.3","18721"
"Enrique Hernandez","Dodgers","123","515","454","105","24","2","17","54","61","52","123","3","4","3",".232",".312",".404",".716",".308","1.9","0.5","1.2","10472"
"Matt Duffy","Rays","125","525","479","128","23","3","10","55","55","35","83","5","9","5",".267",".320",".389",".710",".308","0.7","-0.3","1.6","13836"
"Ryon Healy","Mariners","140","588","551","142","28","1","21","64","75","27","135","4","2","1",".259",".296",".428",".724",".307","-1.6","-0.7","0.3","15447"
"Austin Slater","Giants","8","35","32","8","1","0","1","3","4","3","8","0","0","0",".261",".319",".391",".710",".307","0.0","0.0","0.0","16153"
"Drew Robinson","Rangers","57","238","208","47","10","2","7","28","27","25","70","1","5","3",".228",".313",".396",".709",".307","-1.7","-0.2","0.2","11761"
"Pat Valaika","Rockies","25","105","98","25","6","0","3","12","13","5","25","1","2","1",".259",".296",".426",".722",".307","0.0","0.1","0.0","14885"
"Brandon Phillips","","117","490","459","128","24","1","10","54","51","20","61","5","10","5",".278",".313",".402",".715",".307","1.5","-1.7","1.0","791"
"Bradley Zimmer","Indians","133","560","495","118","24","3","16","66","62","50","170","7","25","11",".238",".314",".395",".709",".306","2.5","1.3","1.6","16221"
"Mike Gerber","Tigers","17","70","64","16","3","0","2","8","8","5","17","0","1","1",".252",".307",".405",".712",".306","0.0","0.0","0.0","sa550125"
"Tyler Austin","Yankees","50","210","187","43","9","1","8","24","25","19","64","1","2","1",".232",".305",".406",".710",".306","0.0","0.0","-0.1","11850"
"Brian Goodwin","Nationals","108","455","408","100","22","1","13","54","47","38","114","3","9","5",".246",".312",".398",".710",".305","-1.9","-0.6","0.1","12858"
"Josh Phegley","Athletics","46","192","175","43","10","0","6","21","23","12","37","2","1","1",".243",".297",".417",".715",".305","0.1","-0.3","0.8","9308"
"Michael Taylor","Nationals","127","535","486","119","23","2","19","58","65","40","164","3","19","9",".244",".304",".415",".719",".305","3.7","0.5","1.2","11489"
"Delino DeShields","Rangers","142","595","519","128","24","3","10","73","51","62","142","5","31","14",".246",".330",".362",".692",".305","0.5","3.7","1.4","11379"
"Roberto Perez","Indians","76","320","277","63","14","1","9","36","35","36","88","2","3","2",".226",".317",".381",".698",".305","3.3","-0.7","1.4","2900"
"Angel Pagan","","33","140","127","33","6","1","3","16","14","10","23","1","3","1",".262",".317",".387",".704",".305","-1.0","-0.1","0.0","2918"
"Tony Kemp","Astros","3","14","13","3","1","0","0","2","1","1","2","0","0","0",".269",".324",".374",".698",".304","-0.1","0.0","0.0","14894"
"Jason Castro","Twins","137","576","503","116","27","1","16","64","63","59","162","5","3","2",".230",".314",".386",".701",".304","1.2","-0.9","2.1","8722"
"Greg Garcia","Cardinals","47","196","169","42","8","1","2","19","17","22","40","3","2","1",".250",".341",".344",".685",".304","-0.2","0.4","0.4","10951"
"Colin Moran","Astros","3","14","13","3","1","0","0","2","2","1","3","0","0","0",".248",".309",".399",".708",".304","0.0","0.0","0.0","16909"
"Tom Murphy","Rockies","15","64","59","14","3","0","2","7","8","4","20","1","1","0",".238",".290",".428",".718",".304","-0.2","0.0","0.1","13499"
"Manuel Margot","Padres","108","455","416","107","17","5","10","52","39","30","79","3","16","8",".257",".309",".397",".706",".304","2.6","0.1","1.2","14712"
"Dansby Swanson","Braves","117","490","431","109","22","2","9","47","47","49","99","3","5","3",".252",".330",".376",".706",".304","-0.8","0.4","1.1","18314"
"Jarrod Dyson","","108","455","406","106","18","4","6","48","42","35","69","7","29","9",".261",".328",".369",".696",".304","5.3","2.7","1.6","4866"
"Jon Jay","","100","420","375","100","19","2","4","44","35","30","81","8","5","3",".267",".333",".361",".693",".304","-3.4","0.0","0.4","5227"
"Orlando Arcia","Brewers","142","595","543","141","26","3","15","58","65","40","105","3","15","8",".260",".311",".403",".714",".303","-2.1","-0.2","0.9","13185"
"Ruben Tejada","Orioles","25","105","93","24","5","0","1","11","10","9","16","1","1","0",".258",".327",".365",".692",".303","-0.4","-0.1","0.2","5519"
"Ehire Adrianza","Twins","12","49","44","11","2","0","1","5","5","4","9","1","1","1",".260",".321",".375",".696",".303","0.0","0.0","0.1","8418"
"Cory Spangenberg","Padres","133","557","505","129","24","3","12","53","58","40","131","6","10","6",".255",".314",".386",".700",".303","-2.9","1.6","0.9","12294"
"Chris Owings","Diamondbacks","117","490","455","119","27","3","11","52","54","26","105","3","13","6",".262",".304",".406",".709",".303","-1.9","0.8","0.3","10030"
"Stephen Drew","","17","70","63","15","3","0","2","7","8","6","14","0","1","0",".232",".300",".403",".703",".303","-0.2","-0.2","0.1","4251"
"Ben Gamel","Mariners","147","616","559","145","28","4","11","68","60","45","136","3","8","4",".259",".315",".386",".701",".302","-1.5","0.8","0.6","12160"
"Ryan O'Hearn","Royals","17","70","63","15","3","0","2","8","8","6","20","0","0","0",".236",".301",".405",".705",".302","0.0","0.0","0.0","sa829141"
"Omar Narvaez","White Sox","38","160","140","36","6","0","2","15","14","16","24","1","1","0",".256",".335",".349",".684",".302","-0.9","-0.2","0.5","13338"
"Dwight Smith","Blue Jays","2","7","6","2","0","0","0","1","1","1","1","0","0","0",".251",".313",".385",".698",".302","0.0","0.0","0.0","13473"
"Jefry Marte","Angels","75","315","283","66","13","1","11","35","38","24","69","4","4","2",".234",".300",".401",".701",".302","-1.4","-0.4","0.2","5107"
"Jose Iglesias","Tigers","142","595","547","149","33","2","8","63","58","32","70","6","12","6",".273",".318",".379",".697",".302","3.5","0.0","1.9","10231"
"Tucker Barnhart","Reds","61","256","225","57","12","1","5","24","25","25","43","2","2","1",".253",".331",".377",".708",".302","3.6","-1.1","1.0","10200"
"Cam Perkins","Phillies","33","140","127","32","7","1","3","14","15","9","27","2","2","1",".253",".308",".394",".701",".302","-0.4","-0.1","-0.1","13444"
"Matt Wieters","Nationals","107","448","405","99","20","1","13","46","53","34","90","3","2","1",".245",".307",".397",".704",".302","1.7","-1.3","1.3","4298"
"Miguel Gomez","Giants","7","28","26","7","1","0","1","3","3","1","4","0","0","0",".278",".305",".400",".705",".301","0.0","0.0","0.1","17075"
"Adonis Garcia","Braves","67","280","262","69","13","0","8","29","32","12","47","3","3","2",".264",".301",".405",".706",".301","-2.3","-0.8","0.1","13777"
"Bruce Maxwell","Athletics","99","416","369","91","19","1","8","42","40","39","88","2","2","1",".248",".320",".366",".687",".301","1.3","-0.9","1.6","13866"
"Jabari Blash","Padres","142","596","507","102","19","1","23","60","65","74","204","8","6","3",".201",".310",".377",".687",".301","-2.0","-0.2","0.0","11247"
"Christian Vazquez","Red Sox","107","448","408","107","23","2","7","47","47","29","86","4","7","4",".262",".316",".377",".693",".301","1.8","-1.2","1.4","9774"
"Gregor Blanco","","33","140","123","30","6","1","2","15","12","15","30","1","5","2",".246",".328",".358",".686",".301","-1.5","0.1","0.1","3123"
"Dee Gordon","Marlins","142","595","553","158","21","7","3","73","42","28","85","5","42","15",".286",".324",".367",".692",".301","0.9","4.1","1.4","8203"
"Jake Smolinski","Athletics","22","91","82","20","4","0","2","10","10","6","16","1","1","1",".245",".307",".386",".693",".300","-0.7","-0.1","0.1","5408"
"Ezequiel Carrera","Blue Jays","70","294","261","65","12","1","5","33","28","25","69","3","7","3",".250",".320",".365",".685",".300","-2.0","0.6","0.0","9048"
"Pablo Sandoval","Giants","100","420","385","96","18","1","12","41","48","26","78","4","2","1",".248",".301",".397",".698",".300","-4.5","-1.9","0.1","5409"
"James McCann","Tigers","114","480","438","109","20","3","13","49","54","30","116","5","2","1",".248",".302",".394",".696",".300","6.1","-1.7","2.0","12859"
"Brock Holt","Red Sox","33","140","124","31","7","0","2","15","13","13","28","1","2","1",".254",".327",".353",".680",".300","-0.5","0.3","0.2","9345"
"Steve Clevenger","","61","256","231","59","11","1","4","24","25","20","45","2","2","1",".257",".318",".370",".689",".299","-0.3","-0.8","0.7","9542"
"Harrison Bader","Cardinals","15","63","58","14","3","0","2","7","7","4","17","1","2","1",".246",".299",".398",".696",".299","0.2","0.0","0.1","18030"
"Manny Pina","Brewers","61","256","233","58","13","1","6","24","27","17","53","3","2","1",".250",".306",".387",".692",".299","1.2","-0.4","0.7","2829"
"Preston Tucker","Astros","2","7","6","1","0","0","0","1","1","1","2","0","0","0",".227",".293",".406",".699",".299","-0.1","0.0","0.0","13633"
"Jose Peraza","Reds","158","665","619","171","24","6","9","66","62","30","86","7","29","14",".276",".315",".377",".692",".299","-1.8","1.1","1.0","13593"
"Andrew Knapp","Phillies","46","192","169","40","8","1","4","18","19","19","51","1","1","1",".239",".318",".371",".689",".299","-0.7","0.0","0.4","14942"
"Daniel Robertson","Rays","117","490","429","102","19","3","9","49","46","47","112","7","4","3",".238",".320",".358",".678",".299","2.8","-0.4","0.9","14145"
"Alejandro De Aza","","67","280","249","60","11","2","6","29","28","24","64","3","4","2",".240",".312",".378",".690",".298","-0.7","0.0","-0.1","3371"
"Anthony Alford","Blue Jays","7","28","25","6","1","0","1","3","3","2","7","0","1","0",".245",".315",".370",".685",".298","-0.3","0.0","0.0","14329"
"Phillip Ervin","Reds","53","223","198","46","9","1","6","24","23","19","50","3","10","5",".233",".307",".378",".685",".298","-0.4","0.3","0.1","14738"
"Dustin Fowler","Athletics","133","560","524","133","24","8","14","60","63","25","110","3","19","11",".255",".291",".412",".703",".298","-0.3","-0.7","0.3","17098"
"Kevin Plawecki","Mets","38","160","144","36","7","0","4","15","17","12","29","2","1","0",".247",".310",".382",".692",".298","-0.1","-0.1","0.5","13807"
"Johan Camargo","Braves","83","350","324","86","19","2","6","31","36","18","64","2","2","1",".265",".307",".390",".696",".298","-0.9","0.1","0.4","14950"
"Nick Hundley","","61","256","236","58","13","1","8","26","31","15","63","1","1","1",".245",".293",".409",".702",".298","-1.2","-0.7","0.6","3376"
"Carlos Asuaje","Padres","100","420","375","94","18","3","6","42","35","36","79","3","3","2",".250",".319",".360",".679",".298","-0.5","-0.4","0.6","15197"
"Zach Walters","Royals","17","70","65","15","3","0","2","8","8","4","17","0","1","0",".239",".286",".416",".702",".298","1.0","0.0","0.0","10622"
"Dixon Machado","Tigers","42","175","158","41","8","1","2","18","16","13","29","1","3","2",".260",".321",".356",".677",".297","0.5","-0.2","0.3","11472"
"Rio Ruiz","Braves","125","525","463","106","22","2","14","49","56","52","136","3","3","2",".229",".308",".376",".684",".297","0.8","0.1","0.6","14103"
"Willy Garcia","White Sox","75","315","285","67","13","2","9","33","34","23","90","3","4","2",".236",".297",".394",".691",".297","0.1","-0.3","-0.2","12956"
"Miguel Rojas","Marlins","112","470","425","114","23","2","5","43","43","33","56","5","4","3",".267",".324",".363",".688",".297","0.6","-0.4","0.8","7802"
"Brock Stassi","Phillies","11","45","39","9","2","0","1","4","5","5","10","0","0","0",".230",".314",".364",".677",".297","0.0","0.0","0.0","12244"
"Chad Pinder","Athletics","115","483","445","108","22","2","15","52","54","26","131","6","5","3",".243",".291",".402",".693",".297","0.1","-0.9","0.2","15191"
"Dylan Cozens","Phillies","4","15","13","3","1","0","1","2","2","1","5","0","0","0",".212",".285",".411",".696",".297","0.0","0.0","0.0","sa657955"
"Carson Kelly","Cardinals","23","96","87","21","4","0","2","9","10","7","17","1","1","0",".247",".306",".377",".683",".297","0.4","0.0","0.3","13620"
"Yan Gomes","Indians","61","256","234","54","12","0","9","28","32","15","67","4","1","1",".232",".287",".406",".693",".297","2.3","-0.1","1.0","9627"
"Chris Herrmann","Diamondbacks","91","384","341","77","16","2","11","40","42","35","101","3","6","3",".226",".301",".383",".685",".297","1.7","0.4","0.9","9284"
"Alex Presley","Tigers","117","490","448","117","17","4","8","51","47","32","91","3","8","5",".261",".312",".370",".682",".296","-2.3","-0.6","-0.3","5305"
"Max Moroff","Pirates","38","158","136","30","6","1","3","16","15","19","42","1","3","2",".223",".320",".350",".670",".296","0.2","0.0","0.2","14556"
"Brett Phillips","Brewers","25","107","95","22","4","1","3","11","12","10","35","1","2","1",".228",".301",".390",".690",".296","0.4","0.1","0.1","14735"
"Ty Kelly","Phillies","17","70","61","15","3","0","1","7","6","7","13","0","1","1",".241",".323",".344",".667",".296","-0.2","0.0","0.0","7740"
"Joey Rickard","Orioles","80","336","303","76","16","1","5","37","31","25","70","3","7","4",".252",".313",".363",".676",".296","-0.6","0.2","0.0","13277"
"Rowdy Tellez","Blue Jays","2","7","6","1","0","0","0","1","1","1","2","0","0","0",".238",".302",".386",".688",".296","0.0","0.0","0.0","sa738437"
"Kevan Smith","White Sox","30","125","114","29","6","0","3","12","13","8","25","1","0","0",".251",".303",".378",".681",".295","-0.4","-0.2","0.2","12284"
"Hernan Perez","Brewers","101","425","398","102","20","3","10","44","47","20","81","2","14","6",".257",".293",".398",".691",".295","-0.3","0.9","0.0","5751"
"Tomas Telis","Marlins","30","128","119","32","5","1","2","12","13","6","17","1","1","1",".267",".308",".372",".680",".294","-0.6","0.0","0.3","10067"
"Christian Arroyo","Giants","32","133","123","32","7","0","2","13","14","7","24","1","1","1",".260",".304",".381",".685",".294","-0.3","-0.1","0.2","16434"
"Cameron Rupp","Phillies","99","416","372","83","18","1","15","41","48","35","122","4","2","1",".222",".293",".395",".688",".294","0.2","-1.3","0.8","11146"
"Breyvic Valera","Cardinals","3","14","13","3","1","0","0","1","1","1","1","0","0","0",".269",".319",".353",".672",".294","0.0","0.0","0.0","12758"
"Yolmer Sanchez","White Sox","108","455","416","103","19","4","10","47","45","28","98","4","9","5",".247",".299",".385",".684",".294","2.3","-0.5","0.9","11602"
"Jarrett Parker","Giants","103","434","383","86","16","2","12","42","45","42","140","4","5","3",".224",".305",".374",".679",".294","-0.7","0.1","0.0","11624"
"Leury Garcia","White Sox","17","70","65","16","3","0","2","7","7","4","16","1","2","1",".255",".301",".381",".681",".294","-0.1","0.0","0.1","5913"
"Ryan Schimpf","Padres","7","29","25","5","1","0","1","3","3","3","10","0","0","0",".192",".288",".395",".683",".294","-0.1","0.1","0.0","9953"
"Dawel Lugo","Tigers","5","21","20","5","1","0","0","2","2","1","3","0","0","0",".264",".297",".389",".686",".294","0.0","0.0","0.0","sa659207"
"Mallex Smith","Rays","100","420","377","94","14","5","5","45","36","34","91","3","27","12",".251",".315",".356",".671",".294","3.6","0.8","0.6","13608"
"Taylor Motter","Mariners","52","217","196","46","10","0","6","23","23","17","44","1","7","3",".235",".297",".383",".680",".294","-0.4","-0.2","0.2","12399"
"Tim Anderson","White Sox","150","630","596","156","28","4","15","66","64","21","156","4","16","7",".262",".289",".398",".688",".293","-4.1","0.3","1.0","15172"
"Sean Rodriguez","Pirates","93","391","351","79","16","1","13","40","44","29","120","6","3","2",".224",".293",".389",".682",".293","-2.2","-0.6","0.0","6589"
"Brett Nicholas","Rangers","27","115","106","27","5","0","3","12","12","7","27","1","1","1",".252",".299",".381",".680",".293","-0.1","-0.2","0.2","11192"
"Tony Wolters","Rockies","137","576","506","125","24","3","7","53","53","56","126","5","5","3",".247",".326",".352",".678",".292","2.4","-0.1","0.3","11470"
"Keon Broxton","Brewers","75","315","276","59","11","2","10","32","33","32","111","3","14","7",".212",".298",".374",".672",".292","0.0","0.1","0.1","9253"
"Blake Swihart","Red Sox","17","70","63","15","3","0","1","7","7","5","18","0","1","0",".242",".304",".369",".673",".292","0.0","0.0","-0.1","13176"
"Jose Lobaton","","23","96","85","20","4","0","2","9","10","8","23","1","1","0",".230",".304",".369",".673",".292","-0.4","-0.2","0.2","4243"
"Ben Revere","","42","175","163","45","7","1","1","18","15","9","18","1","9","3",".275",".314",".356",".670",".292","-2.7","0.8","0.0","4712"
"Juan Lagares","Mets","67","280","259","66","14","2","5","27","27","14","57","3","6","3",".255",".299",".379",".677",".292","3.9","0.3","0.7","5384"
"Tzu-Wei Lin","Red Sox","8","35","32","8","1","0","0","4","3","3","6","0","1","1",".252",".311",".357",".668",".292","-0.2","0.0","0.0","14678"
"Ramon Laureano","Athletics","2","7","6","1","0","0","0","1","1","1","2","0","0","0",".237",".301",".372",".672",".292","0.0","0.0","0.0","sa829185"
"Allen Cordoba","Padres","136","572","516","126","19","5","11","54","54","41","116","6","12","7",".244",".306",".366",".672",".292","0.6","-0.1","0.7","15722"
"Matt Davidson","White Sox","138","581","526","111","20","1","27","62","72","43","204","6","2","1",".211",".276",".407",".683",".291","-0.2","-1.1","-0.8","7226"
"John Hicks","Tigers","55","233","216","54","11","1","6","23","26","12","59","2","3","2",".249",".292",".386",".678",".291","-0.2","-0.2","0.2","12547"
"Freddy Galvis","Phillies","107","450","413","102","19","3","11","42","47","27","83","3","8","4",".247",".295",".385",".680",".291","0.3","0.2","0.5","6609"
"Tyler Moore","Marlins","70","295","267","61","14","1","9","30","33","21","80","2","3","1",".230",".290",".387",".677",".291","-0.5","-0.3","-0.2","7244"
"Wilmer Difo","Nationals","114","480","439","114","19","3","7","50","46","31","90","3","13","6",".259",".310",".367",".677",".291","2.7","0.9","0.5","14320"
"Carlos Perez","Angels","23","96","87","21","4","0","2","10","10","7","17","1","1","0",".246",".301",".369",".670",".291","0.8","-0.1","0.4","10642"
"Jett Bandy","Brewers","8","32","29","7","1","0","1","3","4","2","7","1","0","0",".228",".289",".385",".674",".291","0.0","-0.1","0.1","12508"
"Elias Diaz","Pirates","46","192","178","46","10","0","3","17","19","11","35","1","2","1",".261",".305",".364",".669",".291","0.1","-0.4","0.4","11680"
"Ryan Rua","Rangers","22","91","82","19","3","0","3","10","10","7","29","1","1","1",".227",".292",".382",".674",".291","0.0","-0.1","-0.1","12409"
"Giovanny Urshela","Indians","42","175","163","41","8","0","4","18","19","9","28","1","1","0",".254",".294",".381",".675",".290","0.7","-0.4","0.2","10681"
"Tyler Wade","Yankees","33","140","126","31","6","1","2","15","13","11","30","1","6","3",".245",".311",".350",".661",".290","0.0","0.0","0.1","15730"
"Gorkys Hernandez","Giants","56","235","210","53","11","1","2","21","19","19","50","2","6","3",".251",".318",".344",".662",".290","-0.2","0.2","0.0","4146"
"Cam Gallagher","Royals","9","38","35","9","2","0","1","4","4","3","6","0","0","0",".247",".305",".363",".668",".290","0.0","0.0","0.1","12981"
"Hector Sanchez","Padres","65","273","251","57","11","1","11","27","33","16","68","2","2","1",".228",".278",".403",".682",".290","-0.6","-0.1","0.4","10289"
"Michael Morse","Giants","3","14","13","3","1","0","0","1","2","1","4","0","0","0",".224",".291",".380",".671",".290","-0.3","-0.1","0.0","3035"
"Taylor Davis","Cubs","8","32","29","7","2","0","1","3","3","2","5","0","0","0",".247",".305",".359",".664",".290","0.0","0.0","0.1","12782"
"Cesar Puello","Rays","42","175","157","37","7","1","4","18","17","13","46","3","5","2",".236",".303",".361",".665",".290","-0.5","0.0","0.0","7216"
"Amed Rosario","Mets","150","630","587","151","24","7","11","55","62","30","131","5","18","10",".257",".296",".378",".674",".290","1.7","-0.7","1.1","15518"
"Chris Bostick","Pirates","15","63","57","14","3","0","1","6","6","4","13","1","1","1",".251",".305",".360",".666",".290","0.0","0.0","0.0","13718"
"Harold Ramirez","Blue Jays","2","7","6","2","0","0","0","1","1","0","1","0","0","0",".256",".302",".367",".669",".289","0.0","0.0","0.0","sa660586"
"Franchy Cordero","Padres","20","84","78","19","3","1","2","8","9","4","26","1","2","1",".240",".283",".397",".680",".289","0.3","0.0","0.1","14567"
"Paulo Orlando","Royals","92","385","360","94","18","2","6","37","37","16","86","4","7","3",".261",".298",".373",".671",".289","-2.4","0.0","0.1","8628"
"Matt Szczur","Padres","67","282","250","59","11","1","5","25","25","25","58","3","5","2",".236",".311",".347",".658",".289","-0.6","0.3","0.0","11255"
"Willy Adames","Rays","8","35","31","7","1","0","1","3","3","3","9","0","1","0",".234",".309",".348",".657",".289","0.0","0.0","0.1","sa736655"
"Chris Gimenez","Twins","15","64","56","12","2","0","2","7","6","6","17","1","0","0",".220",".304",".353",".657",".289","-0.2","-0.2","0.1","7324"
"Kelby Tomlinson","Giants","77","323","288","74","11","2","2","29","26","28","57","2","10","5",".257",".325",".329",".654",".289","-0.8","0.5","0.2","13005"
"Renato Nunez","Athletics","17","70","64","14","3","0","3","8","8","5","19","1","0","0",".220",".276",".401",".677",".289","0.0","0.0","0.1","14503"
"Alen Hanson","White Sox","83","350","321","78","14","3","7","36","34","22","70","2","18","9",".244",".295",".375",".670",".288","-2.3","-0.1","-0.2","12926"
"Ronald Torreyes","Yankees","75","315","293","78","15","2","4","32","30","15","40","2","3","2",".265",".303",".362",".665",".288","0.2","0.1","0.1","11400"
"Jake Marisnick","Astros","53","224","204","46","10","1","8","26","26","14","68","3","8","4",".226",".282",".390",".672",".288","0.8","0.6","0.3","11339"
"Dioner Navarro","","61","256","232","54","9","1","7","24","27","19","54","2","2","2",".234",".294",".371",".665",".288","-1.7","-1.1","0.3","3179"
"Greg Allen","Indians","17","70","63","15","3","0","1","7","6","5","14","1","3","1",".243",".310",".342",".653",".288","-0.2","0.0","0.0","16623"
"Aristides Aquino","Reds","5","21","19","4","1","0","1","2","2","1","6","0","0","0",".226",".274",".406",".681",".287","0.0","0.0","0.0","sa597058"
"Kaleb Cowart","Angels","145","609","550","131","28","2","12","63","60","46","146","4","17","8",".238",".299",".362",".661",".287","-1.3","0.4","0.7","11494"
"Pedro Severino","Nationals","46","192","176","44","8","0","4","18","20","11","36","1","2","1",".249",".298",".366",".664",".287","0.1","0.0","0.3","14523"
"Roman Quinn","Phillies","24","100","90","21","4","1","2","10","9","8","25","1","4","2",".237",".302",".353",".655",".287","-0.3","0.1","0.0","13546"
"Caleb Joseph","Orioles","76","320","294","69","13","1","9","34","35","19","75","3","2","1",".236",".286",".381",".667",".287","1.1","-0.6","0.8","7087"
"Gavin Cecchini","Mets","65","275","250","62","12","1","4","24","25","19","42","2","3","2",".249",".304",".353",".657",".286","-0.3","0.0","0.1","17005"
"Tim Federowicz","Giants","30","128","117","28","6","0","3","12","13","9","33","1","1","1",".236",".291",".371",".662",".286","0.0","-0.1","0.3","8609"
"Austin Hedges","Padres","91","384","354","81","16","1","15","36","44","21","95","3","3","2",".228",".276",".400",".676",".286","2.1","-0.2","1.0","12976"
"Sandy Leon","Red Sox","46","192","172","40","8","1","4","20","20","16","46","2","1","1",".233",".300",".356",".655",".285","1.6","-0.5","0.5","5273"
"Isiah Kiner-Falefa","Rangers","3","13","12","3","1","0","0","1","1","1","2","0","0","0",".253",".310",".337",".647",".285","0.0","0.0","0.0","sa737855"
"Trayce Thompson","Dodgers","14","60","54","12","2","0","2","6","7","5","17","0","1","0",".217",".279",".389",".667",".285","0.0","0.3","0.0","9952"
"Max Stassi","Astros","8","32","29","6","1","0","1","3","4","3","10","0","0","0",".214",".286",".369",".656",".285","0.0","0.0","0.1","10059"
"Luis Torrens","Padres","15","64","57","14","3","0","1","6","6","5","14","1","1","0",".237",".305",".354",".659",".285","0.0","0.0","0.1","15905"
"Raffy Lopez","Blue Jays","46","192","171","38","8","1","5","20","19","16","52","2","1","1",".223",".294",".361",".655",".285","-1.1","0.0","0.3","12606"
"J.J. Hardy","Orioles","20","84","77","19","4","0","2","9","9","5","16","0","0","0",".243",".289",".371",".660",".284","0.4","-0.3","0.1","3797"
"Patrick Kivlehan","Reds","94","395","357","79","14","2","13","40","43","29","117","4","6","3",".221",".284",".376",".660",".284","-0.8","0.4","-0.4","13910"
"J.T. Riddle","Marlins","108","455","423","109","20","2","7","40","44","23","84","2","4","2",".259",".298",".364",".661",".284","-0.5","-0.2","0.3","17642"
"Travis Taijeron","Mets","74","310","270","54","13","1","9","30","31","31","112","5","2","1",".200",".291",".357",".648",".284","-0.9","0.0","-0.4","11935"
"Juan Centeno","Rangers","8","32","29","7","1","0","0","3","3","2","6","0","0","0",".254",".303",".350",".652",".284","-0.4","-0.1","0.0","7168"
"Tyler Saladino","White Sox","67","280","254","60","11","1","5","29","26","20","60","3","8","4",".237",".296",".354",".650",".284","0.5","0.1","0.3","10807"
"Curt Casali","Rays","23","96","84","18","3","0","2","10","9","10","25","1","1","0",".215",".301",".343",".645",".284","0.2","-0.2","0.2","12510"
"Raul Mondesi","Royals","153","644","597","142","25","7","16","67","67","33","178","4","32","13",".238",".281",".384",".665",".284","-2.6","1.5","0.5","13769"
"Andrew Susac","Brewers","23","96","85","18","4","0","3","9","10","9","28","1","1","0",".209",".287",".367",".654",".283","-0.2","0.0","0.1","13132"
"Cole Gillespie","","50","210","190","45","9","1","3","20","20","16","46","1","4","2",".239",".300",".347",".648",".283","-2.1","-0.2","-0.5","5888"
"Austin Romine","Yankees","30","128","118","28","6","0","3","13","13","7","27","1","1","0",".240",".289",".366",".655",".283","-0.4","-0.1","0.2","5491"
"Jesus Sucre","Rays","23","96","89","22","4","0","2","9","10","4","19","1","1","1",".246",".286",".368",".654",".282","0.4","-0.1","0.2","5942"
"Ryder Jones","Giants","67","280","256","59","12","2","7","26","29","17","64","3","3","2",".232",".287",".371",".658",".282","-1.6","0.1","-0.3","15982"
"Eric Haase","Indians","3","13","12","2","0","0","0","1","2","1","4","0","0","0",".205",".272",".385",".657",".282","0.0","0.0","0.0","sa601042"
"Martin Maldonado","Angels","107","448","402","90","17","1","13","46","48","30","112","9","3","2",".223",".289",".365",".655",".282","4.1","-0.7","1.4","6887"
"Hunter Dozier","Royals","38","161","145","32","8","0","4","16","16","13","49","1","2","1",".223",".289",".362",".650",".282","0.0","-0.1","-0.1","15117"
"Franklin Barreto","Athletics","23","98","91","22","4","1","2","10","10","5","28","1","3","2",".240",".286",".371",".657",".282","-0.4","-0.1","0.1","15519"
"Billy Hamilton","Reds","133","560","507","122","19","6","7","64","41","42","114","2","48","15",".241",".301",".343",".643",".282","8.0","6.1","1.2","10199"
"Michael Hermosillo","Angels","2","7","6","1","0","0","0","1","1","1","2","0","0","0",".235",".301",".341",".641",".282","0.0","0.0","0.0","sa738413"
"Travis Jankowski","Padres","50","210","186","44","8","1","2","20","15","20","50","1","9","4",".236",".313",".317",".630",".281","2.5","0.4","0.1","13768"
"Chris Stewart","Pirates","8","32","29","7","1","0","0","3","3","2","5","0","0","0",".246",".307",".336",".643",".281","-0.2","-0.1","0.0","3878"
"Lane Adams","Braves","108","455","411","93","17","2","11","45","46","34","138","4","23","8",".226",".289",".357",".646",".281","-0.4","1.4","-0.5","10767"
"Destin Hood","Marlins","17","70","64","15","3","0","2","7","7","5","20","0","1","1",".228",".284",".366",".650",".281","-0.2","0.0","-0.1","9887"
"Mac Williamson","Giants","58","245","222","49","10","0","7","23","26","17","71","3","2","1",".222",".284",".368",".652",".281","-0.2","-0.2","-0.3","14158"
"Phil Gosselin","Pirates","2","7","6","2","0","0","0","1","1","0","1","0","0","0",".256",".299",".345",".644",".281","0.0","0.0","0.0","10953"
"Grayson Greiner","Tigers","8","32","29","7","1","0","1","3","3","2","7","0","0","0",".230",".286",".360",".646",".280","0.0","0.0","0.1","sa828801"
"JaCoby Jones","Tigers","100","420","382","87","17","3","9","42","43","28","131","4","10","6",".228",".286",".363",".649",".280","-0.5","-0.3","-0.1","14818"
"Jorge Alfaro","Phillies","8","32","30","7","1","0","1","3","3","1","10","0","0","0",".232",".276",".380",".656",".280","0.0","0.0","0.0","12180"
"Chad Wallach","Reds","8","32","29","6","1","0","1","3","3","2","9","0","0","0",".219",".285",".358",".643",".280","0.0","0.0","0.0","17161"
"Ramon Torres","Royals","43","182","170","44","8","1","2","17","16","9","26","1","5","3",".257",".296",".346",".642",".279","-0.4","-0.3","0.0","14113"
"Drew Butera","Royals","18","77","70","16","3","0","2","7","7","5","19","1","1","0",".228",".287",".355",".642",".279","-0.1","-0.1","0.1","3411"
"Shane Robinson","Angels","22","91","83","21","4","0","1","9","8","6","14","1","2","1",".249",".304",".331",".635",".279","0.1","0.0","0.0","4249"
"Billy Burns","Royals","42","175","160","40","6","2","1","18","12","11","30","2","7","3",".252",".306",".327",".633",".278","-1.9","0.6","-0.1","12701"
"Eric Young","Angels","10","42","38","9","2","0","1","4","4","3","9","1","2","1",".236",".299",".333",".632",".278","-0.1","0.1","0.0","7158"
"Adeiny Hechavarria","Rays","133","560","519","130","21","5","8","51","52","30","93","3","5","3",".251",".293",".354",".647",".278","1.3","-0.6","0.7","10459"
"Gordon Beckham","","8","35","32","7","2","0","1","3","3","2","7","0","0","0",".231",".287",".353",".640",".278","-0.3","-0.1","0.0","9015"
"Yairo Munoz","Athletics","2","7","7","2","0","0","0","1","1","0","1","0","0","0",".245",".280",".366",".647",".278","0.0","0.0","0.0","sa657210"
"Cliff Pennington","","50","210","188","43","8","1","3","19","19","18","54","1","3","1",".231",".299",".331",".629",".277","0.4","-0.3","-0.1","3395"
"Dustin Garneau","Athletics","8","32","29","6","1","0","1","3","3","2","7","0","0","0",".214",".279",".362",".640",".277","0.1","0.0","0.1","9433"
"Erik Gonzalez","Indians","17","70","66","16","3","0","1","7","7","3","19","0","2","1",".244",".277",".371",".648",".277","-0.3","0.0","0.0","13369"
"Danny Ortiz","Pirates","2","7","7","2","0","0","0","1","1","0","2","0","0","0",".233",".271",".383",".654",".277","0.0","0.0","0.0","10317"
"Carlos Moncrief","Giants","23","98","87","20","4","0","2","9","9","8","27","1","2","1",".223",".294",".335",".629",".276","-0.2","0.0","-0.2","7511"
"Alberto Callaspo","","25","105","94","22","4","0","1","9","9","9","17","1","1","1",".232",".301",".325",".626",".276","-1.5","-0.6","-0.3","3336"
"Joey Wendle","Athletics","2","7","7","2","0","0","0","1","1","0","1","0","0","0",".244",".282",".361",".643",".276","0.0","0.0","0.0","13853"
"Andrew Romine","Mariners","58","245","223","53","10","1","3","23","22","16","53","3","5","3",".239",".295",".332",".627",".276","0.7","-0.1","0.0","1159"
"Alfredo Gonzalez","White Sox","1","6","6","1","0","0","0","1","1","1","1","0","0","0",".228",".298",".323",".621",".275","0.0","0.0","0.0","sa505301"
"Tomas Nido","Mets","23","96","89","21","4","0","2","9","9","5","18","1","0","0",".237",".279",".357",".637",".275","0.0","0.0","0.1","13755"
"Matt Reynolds","Mets","76","320","289","66","13","2","5","28","28","24","84","3","5","2",".230",".293",".333",".625",".274","1.2","-0.1","-0.3","13788"
"Magneuris Sierra","Cardinals","8","35","33","8","1","0","0","3","3","2","7","0","1","1",".254",".292",".338",".630",".274","-0.1","-0.1","-0.1","17023"
"Jorge Mateo","Athletics","2","7","6","1","0","0","0","1","1","0","2","0","0","0",".232",".278",".357",".635",".274","0.0","0.0","0.0","sa657910"
"Mike Marjama","Mariners","35","147","136","31","7","1","3","14","15","7","30","2","1","1",".230",".276",".358",".633",".273","0.2","-0.1","0.3","12594"
"David Freitas","Mariners","3","13","12","3","1","0","0","1","1","1","3","0","0","0",".228",".286",".339",".624",".273","0.0","0.0","0.0","10619"
"Jacob Stallings","Pirates","8","32","29","7","2","0","1","3","3","2","7","0","0","0",".237",".285",".347",".632",".273","-0.1","0.0","0.0","13723"
"Jae-Gyun Hwang","Giants","3","14","13","3","1","0","0","1","1","1","4","0","0","0",".228",".279",".354",".632",".273","0.0","0.0","0.0","19369"
"Alcides Escobar","","150","630","590","148","28","4","7","58","53","25","99","5","11","5",".250",".285",".345",".630",".272","0.6","1.4","0.1","6310"
"Tyler Smith","Rangers","2","7","6","1","0","0","0","1","1","1","2","0","0","0",".234",".295",".322",".617",".272","0.0","0.0","0.0","12490"
"Alex Mejia","Cardinals","8","35","32","8","2","0","0","3","3","2","6","0","0","0",".244",".287",".337",".624",".272","-0.1","0.0","0.0","13877"
"Stuart Turner","Reds","8","32","29","6","1","0","1","3","3","2","8","0","0","0",".219",".280",".340",".621",".271","0.0","0.0","0.0","15207"
"Richard Urena","Blue Jays","17","70","65","16","4","0","1","7","6","3","15","0","1","0",".239",".277",".350",".627",".270","0.1","0.0","0.0","16411"
"Sergio Alcantara","Tigers","8","35","32","8","1","0","0","3","3","2","6","0","1","1",".241",".294",".319",".612",".270","0.0","-0.1","0.0","sa739641"
"Jose Trevino","Rangers","1","6","6","1","0","0","0","1","1","0","1","0","0","0",".240",".277",".348",".625",".269","0.0","0.0","0.0","sa827368"
"Alexi Amarista","","50","210","193","46","9","1","3","19","19","13","40","1","4","2",".236",".285",".335",".620",".269","-2.5","0.0","-0.3","9063"
"Hanser Alberto","Rangers","5","21","20","5","1","0","0","2","2","1","3","0","0","0",".246",".275",".350",".625",".269","0.1","0.0","0.0","11902"
"J.R. Murphy","","23","96","86","19","3","0","2","10","9","7","25","1","1","0",".215",".281",".336",".616",".269","0.0","0.0","0.0","sa455872"
"Juan Graterol","Angels","23","96","90","22","4","0","1","9","9","3","16","1","1","1",".248",".280",".341",".621",".269","0.4","-0.1","0.2","5398"
"Nolan Fontana","Angels","38","161","140","28","6","1","2","15","13","18","46","1","3","2",".204",".298",".299",".597",".268","-0.6","-0.2","-0.1","13267"
"Jose Rondon","Padres","5","21","20","5","1","0","0","2","2","1","4","0","0","0",".241",".281",".336",".616",".268","0.0","0.0","0.0","14140"
"Ramon Cabrera","","23","96","88","21","4","0","1","8","9","6","17","1","1","1",".234",".283",".332",".614",".268","-0.2","-0.1","0.0","10327"
"Jeff Mathis","Diamondbacks","38","160","146","32","7","1","3","14","15","10","45","1","1","1",".218",".273",".345",".618",".267","1.2","-0.3","0.0","3448"
"Zach Vincej","Mariners","10","42","38","9","2","0","0","4","3","3","8","0","1","0",".235",".287",".318",".605",".266","-0.1","0.0","0.0","13269"
"Jonathan Herrera","","50","210","194","46","9","1","2","18","18","12","41","1","3","2",".237",".283",".327",".609",".266","-3.4","-0.3","-0.5","4182"
"Adam Engel","White Sox","142","595","533","110","22","4","12","58","53","45","182","8","23","10",".206",".276",".331",".607",".266","-0.5","1.3","-0.4","15082"
"Arismendy Alcantara","Reds","2","7","6","1","0","0","0","1","1","0","2","0","0","0",".212",".261",".356",".617",".265","0.1","0.0","0.0","10711"
"Chase d'Arnaud","Padres","19","79","72","16","3","0","1","7","6","5","16","1","3","1",".227",".284",".316",".600",".263","-0.3","0.0","-0.1","6652"
"Tyler Ladendorf","","133","560","511","115","24","1","6","49","47","36","122","5","8","5",".226",".282",".315",".597",".263","-1.5","-0.3","-1.1","3211"
"Bubba Starling","Royals","33","140","129","28","6","0","3","13","13","8","39","1","2","1",".217",".266",".334",".601",".261","0.0","0.0","-0.2","sa597751"
"Orlando Calixte","Giants","45","190","176","39","7","1","4","16","18","10","46","1","5","3",".220",".264",".335",".599",".259","-1.1","0.0","-0.5","11905"
"Deven Marrero","Red Sox","33","140","129","29","6","0","2","13","13","8","39","1","3","2",".224",".273",".319",".592",".259","-0.4","0.0","-0.3","13325"
"Taylor Featherston","Rays","17","70","64","13","3","0","2","6","6","5","22","1","1","1",".204",".264",".329",".593",".259","0.2","0.0","-0.1","12590"
"Terrance Gore","Royals","17","70","64","14","2","0","1","6","5","5","17","1","5","2",".225",".284",".295",".579",".257","-0.3","0.3","-0.2","13658"
"Charlie Culberson","Dodgers","37","155","144","32","6","1","2","13","14","8","35","1","2","1",".225",".266",".325",".591",".256","-0.8","0.0","-0.3","3298"
"Gift Ngoepe","Pirates","5","21","19","4","1","0","0","2","2","2","7","0","0","0",".204",".271",".307",".578",".255","-0.2","0.0","-0.1","10340"
"Trevor Brown","Giants","15","64","59","12","2","0","1","5","5","4","15","1","1","0",".207",".256",".294",".550",".241","0.0","-0.1","-0.1","13895"
"Yadiel Rivera","Brewers","20","84","78","15","3","0","1","6","6","4","24","1","1","1",".194",".240",".274",".514",".226","-0.5","0.0","-0.5","11863"
"Nate McLouth","","0","0","0","0","0","0","0","0","0","0","0","0","0","0",".000",".000",".000",".000",".000","0.0","0.0","0.0","3190"
"Ryan Cordell","Brewers","0","0","0","0","0","0","0","0","0","0","0","0","0","0",".000",".000",".000",".000",".000","0.0","0.0","0.0","sa737938"
"Alex Rios","","0","0","0","0","0","0","0","0","0","0","0","0","0","0",".000",".000",".000",".000",".000","0.0","0.0","0.0","2090"
"Stephen Cardullo","Rockies","0","0","0","0","0","0","0","0","0","0","0","0","0","0",".000",".000",".000",".000",".000","0.0","0.0","0.0","11204"
"Austin Nola","Marlins","0","0","0","0","0","0","0","0","0","0","0","0","0","0",".000",".000",".000",".000",".000","0.0","0.0","0.0","sa577789"
"Carlos Ruiz","Mariners","0","0","0","0","0","0","0","0","0","0","0","0","0","0",".000",".000",".000",".000",".000","0.0","0.0","0.0","2579"
"Trevor Plouffe","Rays","0","0","0","0","0","0","0","0","0","0","0","0","0","0",".000",".000",".000",".000",".000","0.0","0.0","0.0","7462"
"Quintin Berry","Brewers","0","0","0","0","0","0","0","0","0","0","0","0","0","0",".000",".000",".000",".000",".000","0.0","0.0","0.0","9414"
"Ryan Raburn","Nationals","0","0","0","0","0","0","0","0","0","0","0","0","0","0",".000",".000",".000",".000",".000","0.0","0.0","0.0","2218"
"Rajai Davis","Red Sox","0","0","0","0","0","0","0","0","0","0","0","0","0","0",".000",".000",".000",".000",".000","0.0","0.0","0.0","3708"
"Yu-Cheng Chang","Indians","0","0","0","0","0","0","0","0","0","0","0","0","0","0",".000",".000",".000",".000",".000","0.0","0.0","0.0","sa830276"
"Ryan Howard","Phillies","0","0","0","0","0","0","0","0","0","0","0","0","0","0",".000",".000",".000",".000",".000","0.0","0.0","0.0","2154"
"Nolan Reimold","Orioles","0","0","0","0","0","0","0","0","0","0","0","0","0","0",".000",".000",".000",".000",".000","0.0","0.0","0.0","3441"
"Jacob May","White Sox","0","0","0","0","0","0","0","0","0","0","0","0","0","0",".000",".000",".000",".000",".000","0.0","0.0","0.0","14876"
"Samir Duenez","Royals","0","0","0","0","0","0","0","0","0","0","0","0","0","0",".000",".000",".000",".000",".000","0.0","0.0","0.0","sa739574"
"Seth Smith","Orioles","0","0","0","0","0","0","0","0","0","0","0","0","0","0",".000",".000",".000",".000",".000","0.0","0.0","0.0","7331"
"Alexei Ramirez","Rays","0","0","0","0","0","0","0","0","0","0","0","0","0","0",".000",".000",".000",".000",".000","0.0","0.0","0.0","5133"
"Eric Stamets","Indians","0","0","0","0","0","0","0","0","0","0","0","0","0","0",".000",".000",".000",".000",".000","0.0","0.0","0.0","sa621787"
"Geovany Soto","White Sox","0","0","0","0","0","0","0","0","0","0","0","0","0","0",".000",".000",".000",".000",".000","0.0","0.0","0.0","3707"
"Rymer Liriano","White Sox","0","0","0","0","0","0","0","0","0","0","0","0","0","0",".000",".000",".000",".000",".000","0.0","0.0","0.0","4779"
"Everth Cabrera","","0","0","0","0","0","0","0","0","0","0","0","0","0","0",".000",".000",".000",".000",".000","0.0","0.0","0.0","8155"
"Miguel Montero","Blue Jays","0","0","0","0","0","0","0","0","0","0","0","0","0","0",".000",".000",".000",".000",".000","0.0","0.0","0.0","3364"
"Colby Rasmus","Rays","0","0","0","0","0","0","0","0","0","0","0","0","0","0",".000",".000",".000",".000",".000","0.0","0.0","0.0","9893"
"Willi Castro","Indians","0","0","0","0","0","0","0","0","0","0","0","0","0","0",".000",".000",".000",".000",".000","0.0","0.0","0.0","sa830274"
"Franklin Gutierrez","Dodgers","0","0","0","0","0","0","0","0","0","0","0","0","0","0",".000",".000",".000",".000",".000","0.0","0.0","0.0","3255"
"Rob Refsnyder","Blue Jays","0","0","0","0","0","0","0","0","0","0","0","0","0","0",".000",".000",".000",".000",".000","0.0","0.0","0.0","13770"
"Niko Goodrum","Twins","0","0","0","0","0","0","0","0","0","0","0","0","0","0",".000",".000",".000",".000",".000","0.0","0.0","0.0","12092"
"Rene Rivera","Cubs","0","0","0","0","0","0","0","0","0","0","0","0","0","0",".000",".000",".000",".000",".000","0.0","0.0","0.0","3648"
"Chase Utley","Dodgers","0","0","0","0","0","0","0","0","0","0","0","0","0","0",".000",".000",".000",".000",".000","0.0","0.0","0.0","1679"
"Delmon Young","","0","0","0","0","0","0","0","0","0","0","0","0","0","0",".000",".000",".000",".000",".000","0.0","0.0","0.0","2140"
"Charlie Tilson","White Sox","0","0","0","0","0","0","0","0","0","0","0","0","0","0",".000",".000",".000",".000",".000","0.0","0.0","0.0","12983"
"Marlon Byrd","Indians","0","0","0","0","0","0","0","0","0","0","0","0","0","0",".000",".000",".000",".000",".000","0.0","0.0","0.0","950"
"Rob Brantly","White Sox","0","0","0","0","0","0","0","0","0","0","0","0","0","0",".000",".000",".000",".000",".000","0.0","0.0","0.0","10655"
"Michael Saunders","Blue Jays","0","0","0","0","0","0","0","0","0","0","0","0","0","0",".000",".000",".000",".000",".000","0.0","0.0","0.0","9981"
"John Jaso","Pirates","0","0","0","0","0","0","0","0","0","0","0","0","0","0",".000",".000",".000",".000",".000","0.0","0.0","0.0","5887"
"Cody Asche","White Sox","0","0","0","0","0","0","0","0","0","0","0","0","0","0",".000",".000",".000",".000",".000","0.0","0.0","0.0","11997"
"Justin Morneau","White Sox","0","0","0","0","0","0","0","0","0","0","0","0","0","0",".000",".000",".000",".000",".000","0.0","0.0","0.0","1737"
"Mitch Garver","Twins","0","0","0","0","0","0","0","0","0","0","0","0","0","0",".000",".000",".000",".000",".000","0.0","0.0","0.0","15161"
"Coco Crisp","Indians","0","0","0","0","0","0","0","0","0","0","0","0","0","0",".000",".000",".000",".000",".000","0.0","0.0","0.0","1572"
"Steve Tolleson","","0","0","0","0","0","0","0","0","0","0","0","0","0","0",".000",".000",".000",".000",".000","0.0","0.0","0.0","4450"
"Darwin Barney","Blue Jays","0","0","0","0","0","0","0","0","0","0","0","0","0","0",".000",".000",".000",".000",".000","0.0","0.0","0.0","2430"
