"Name","Team","W","L","SV","HLD","ERA","GS","G","IP","H","ER","HR","SO","BB","WHIP","K/9","BB/9","FIP","WAR","playerid"
"Craig Kimbrel","Red Sox","4","2","28","7","2.59","0","65","65.0","42","19","6","101","24","1.02","13.98","3.32","2.44","2.3","6655"
"Kenley Jansen","Dodgers","4","2","28","8","2.74","0","65","65.0","46","20","7","91","15","0.94","12.62","2.10","2.59","2.1","3096"
"Andrew Miller","Indians","4","2","6","16","2.68","0","65","65.0","47","19","6","92","21","1.04","12.71","2.88","2.65","2.0","6785"
"Clayton Kershaw","Dodgers","17","8","0","0","2.75","32","32","211.0","176","65","22","244","39","1.02","10.37","1.67","2.80","6.4","2036"
"Noah Syndergaard","Mets","13","10","0","0","3.11","32","32","196.0","163","68","19","236","49","1.09","10.84","2.27","2.88","5.9","11762"
"Walker Buehler","Dodgers","2","1","0","13","2.79","0","40","32.0","24","10","3","44","13","1.15","12.06","3.65","2.88","0.4","19374"
"Dellin Betances","Yankees","3","2","2","13","2.93","0","55","55.0","37","18","5","82","26","1.15","13.40","4.30","2.92","1.1","6216"
"Aroldis Chapman","Yankees","4","2","28","5","2.84","0","65","65.0","45","21","7","95","27","1.11","13.21","3.78","2.93","2.0","10233"
"Felipe Rivero","Pirates","4","3","28","7","2.93","0","65","65.0","52","21","5","80","23","1.17","11.13","3.23","2.98","1.7","12076"
"Chris Sale","Red Sox","15","7","0","0","3.18","29","29","192.0","156","68","23","243","42","1.03","11.35","1.98","3.03","5.4","10603"
"Ken Giles","Astros","4","3","28","5","3.20","0","65","65.0","50","23","7","86","24","1.15","11.98","3.36","3.10","1.7","12910"
"Corey Knebel","Brewers","3","3","28","5","3.22","0","65","65.0","48","23","7","93","29","1.19","12.94","4.08","3.11","1.7","15010"
"Cesar Valdez","Blue Jays","0","0","0","0","0.00","0","0","0.0","0","0","0","0","0","0.00","0.00","0.00","3.16","0.0","9013"
"Tyler Pill","Mets","0","0","0","0","0.00","0","0","0.0","0","0","0","0","0","0.00","0.00","0.00","3.16","0.0","12751"
"Brett Oberholtzer","Blue Jays","0","0","0","0","0.00","0","0","0.0","0","0","0","0","0","0.00","0.00","0.00","3.16","0.0","3855"
"Jhoulys Chacin","","0","0","0","0","0.00","0","0","0.0","0","0","0","0","0","0.00","0.00","0.00","3.16","0.0","2608"
"Hunter Wood","Rays","0","0","0","0","0.00","0","0","0.0","0","0","0","0","0","0.00","0.00","0.00","3.16","0.0","15091"
"T.J. House","Blue Jays","0","0","0","0","0.00","0","0","0.0","0","0","0","0","0","0.00","0.00","0.00","3.16","0.0","9121"
"Edwin Jackson","","0","0","0","0","0.00","0","0","0.0","0","0","0","0","0","0.00","0.00","0.00","3.16","0.0","1841"
"Chris Rowley","Blue Jays","0","0","0","0","0.00","0","0","0.0","0","0","0","0","0","0.00","0.00","0.00","3.16","0.0","18820"
"Kendry Flores","Marlins","0","0","0","0","0.00","0","0","0.0","0","0","0","0","0","0.00","0.00","0.00","3.16","0.0","12118"
"Chris Flexen","Mets","0","0","0","0","0.00","0","0","0.0","0","0","0","0","0","0.00","0.00","0.00","3.16","0.0","13896"
"Miguel Gonzalez","","0","0","0","0","0.00","0","0","0.0","0","0","0","0","0","0.00","0.00","0.00","3.16","0.0","7024"
"Mike Bolsinger","Blue Jays","0","0","0","0","0.00","0","0","0.0","0","0","0","0","0","0.00","0.00","0.00","3.16","0.0","11137"
"Hector Velazquez","Red Sox","0","0","0","0","0.00","0","0","0.0","0","0","0","0","0","0.00","0.00","0.00","3.16","0.0","19341"
"John Lackey","","0","0","0","0","0.00","0","0","0.0","0","0","0","0","0","0.00","0.00","0.00","3.16","0.0","1507"
"Taylor Guerrieri","Rays","0","0","0","0","0.00","0","0","0.0","0","0","0","0","0","0.00","0.00","0.00","3.16","0.0","sa597787"
"Corey Kluber","Indians","14","8","0","0","3.26","29","29","194.0","166","70","23","225","45","1.09","10.42","2.08","3.17","5.3","2429"
"Ryan Madson","Nationals","4","3","6","18","3.25","0","65","65.0","58","23","6","70","19","1.18","9.66","2.57","3.21","1.4","1852"
"Edwin Diaz","Mariners","4","3","28","7","3.20","0","65","65.0","50","23","7","84","24","1.14","11.62","3.29","3.22","1.5","14710"
"Zach Britton","Orioles","4","3","28","4","3.08","0","65","65.0","60","22","4","65","25","1.30","9.06","3.48","3.26","1.6","3240"
"Max Scherzer","Nationals","15","9","0","0","3.37","32","32","210.0","172","79","28","260","56","1.09","11.16","2.41","3.30","5.1","3137"
"Justin Wilson","Cubs","4","3","28","10","3.15","0","65","65.0","50","23","6","82","29","1.21","11.42","4.00","3.32","1.4","4301"
"Stephen Strasburg","Nationals","14","9","0","0","3.43","32","32","198.0","174","76","24","227","54","1.15","10.32","2.46","3.32","4.8","10131"
"Brad Hand","Padres","3","3","28","6","3.37","0","65","65.0","56","24","7","77","23","1.20","10.60","3.13","3.36","1.3","9111"
"Hector Rondon","Cubs","3","2","2","15","3.37","0","55","55.0","47","21","6","62","17","1.17","10.20","2.86","3.38","0.7","2391"
"Mark Melancon","Giants","3","3","28","7","3.36","0","65","65.0","62","24","5","58","18","1.24","8.04","2.49","3.39","1.1","4264"
"Sean Doolittle","Nationals","4","3","28","7","3.34","0","65","65.0","53","24","8","78","19","1.11","10.84","2.59","3.39","1.3","1581"
"Jacob deGrom","Mets","13","11","0","0","3.45","32","32","203.0","179","78","24","226","57","1.16","10.01","2.51","3.40","4.8","10954"
"Archie Bradley","Diamondbacks","3","3","6","17","3.50","0","65","65.0","57","25","7","74","24","1.25","10.19","3.31","3.42","1.2","12918"
"Carlos Carrasco","Indians","13","8","0","0","3.47","29","29","178.0","161","69","21","191","45","1.15","9.65","2.27","3.44","4.2","6632"
"Raisel Iglesias","Reds","3","3","28","5","3.48","0","65","65.0","55","25","8","78","22","1.18","10.86","3.04","3.45","1.3","17130"
"Pedro Strop","Cubs","3","2","3","18","3.30","0","55","55.0","46","20","5","63","23","1.25","10.37","3.78","3.47","0.8","4070"
"Chris Archer","Rays","13","10","0","0","3.43","32","32","199.0","169","76","24","225","62","1.16","10.19","2.81","3.47","4.4","6345"
"Roberto Osuna","Blue Jays","4","3","28","6","3.56","0","65","65.0","55","26","8","76","18","1.13","10.47","2.52","3.48","1.3","13764"
"James Hoyt","Astros","2","2","0","9","3.58","0","40","40.0","34","16","5","48","15","1.22","10.82","3.31","3.49","0.3","14605"
"Drew Steckenrider","Marlins","3","2","3","17","3.38","0","55","55.0","45","21","5","64","25","1.27","10.48","4.04","3.49","0.7","18806"
"Blake Parker","Angels","4","3","6","15","3.45","0","65","65.0","54","25","8","74","22","1.18","10.23","3.06","3.54","1.0","5224"
"James Paxton","Mariners","12","9","0","0","3.54","29","29","176.0","162","69","20","179","52","1.21","9.15","2.64","3.54","3.8","11828"
"Brett Cecil","Cardinals","3","3","6","17","3.50","0","65","65.0","59","25","7","66","21","1.23","9.18","2.89","3.55","1.0","2660"
"Jose Quintana","Cubs","15","9","0","0","3.45","32","32","199.0","180","76","23","202","55","1.18","9.17","2.51","3.56","4.4","11423"
"Anthony Swarzak","","3","3","0","0","3.55","0","65","65.0","59","26","8","69","20","1.21","9.57","2.73","3.56","0.6","7466"
"Nate Jones","White Sox","2","2","0","5","3.52","0","35","35.0","30","14","4","41","13","1.22","10.60","3.30","3.56","0.1","4696"
"Carl Edwards Jr.","Cubs","4","3","6","16","3.36","0","65","65.0","48","24","6","86","36","1.30","11.90","5.01","3.58","1.1","13607"
"Wade Davis","","3","3","0","0","3.48","0","65","65.0","54","25","7","75","26","1.24","10.43","3.61","3.58","1.1","7441"
"Danny Salazar","Indians","8","6","0","1","3.53","16","41","119.0","98","47","15","146","45","1.20","11.02","3.38","3.58","2.2","5867"
"Kirby Yates","Padres","3","3","3","15","3.61","0","55","55.0","45","22","7","70","22","1.20","11.40","3.54","3.58","0.7","9073"
"Josh Ravin","Braves","1","0","0","1","3.56","0","10","10.0","8","4","1","13","5","1.29","11.52","4.41","3.58","0.0","2951"
"Joe Kelly","Red Sox","3","2","3","18","3.60","0","55","55.0","49","22","6","59","21","1.28","9.67","3.40","3.58","0.7","9761"
"Andrew Chafin","Diamondbacks","3","2","3","17","3.52","0","55","55.0","49","22","5","59","23","1.32","9.69","3.81","3.59","0.8","12988"
"Luis Severino","Yankees","14","9","0","0","3.57","32","32","198.0","173","79","25","223","61","1.18","10.14","2.76","3.60","4.6","15890"
"Tommy Kahnle","Yankees","3","2","3","17","3.54","0","55","55.0","45","22","6","69","24","1.25","11.31","3.99","3.60","0.9","11384"
"Joe Musgrove","Astros","3","2","3","15","3.63","0","55","55.0","51","22","7","56","12","1.16","9.17","1.99","3.60","0.7","12970"
"Joe Smith","","3","3","0","0","3.53","0","65","65.0","61","26","7","65","21","1.25","9.03","2.86","3.61","0.2","3281"
"Bryan Shaw","","3","3","0","0","3.58","0","65","65.0","60","26","7","66","23","1.28","9.16","3.22","3.62","0.9","8110"
"Robbie Ray","Diamondbacks","12","9","0","0","3.66","29","29","168.0","140","68","21","209","69","1.25","11.17","3.71","3.62","3.6","11486"
"Aaron Nola","Phillies","11","10","0","0","3.73","29","29","180.0","167","75","22","187","51","1.21","9.35","2.56","3.63","4.0","16149"
"Mike Minor","","3","3","0","0","3.61","0","65","65.0","56","26","8","76","22","1.20","10.52","3.06","3.64","0.3","10021"
"Keone Kela","Rangers","3","2","2","12","3.68","0","55","55.0","46","23","7","68","23","1.25","11.16","3.79","3.64","0.6","14696"
"David Robertson","Yankees","3","3","6","15","3.65","0","65","65.0","55","26","8","78","25","1.22","10.85","3.44","3.64","1.2","8241"
"Michael Pineda","","5","4","0","0","3.74","13","13","74.0","70","31","9","73","18","1.20","8.93","2.18","3.65","1.5","5372"
"Lance McCullers","Astros","11","6","0","0","3.68","24","24","139.0","126","57","14","148","54","1.30","9.58","3.52","3.65","2.9","14120"
"Ross Stripling","Dodgers","3","2","3","18","3.60","0","55","55.0","52","22","6","53","16","1.23","8.64","2.58","3.66","0.6","13273"
"Jeurys Familia","Mets","3","3","28","8","3.57","0","65","65.0","59","26","6","65","27","1.33","9.05","3.76","3.66","1.0","5114"
"Chad Green","Yankees","6","4","1","10","3.64","8","53","92.0","79","37","13","107","30","1.18","10.49","2.90","3.67","1.5","15552"
"Luke Gregerson","","3","3","0","0","3.71","0","65","65.0","60","27","7","64","21","1.26","8.91","2.95","3.67","0.2","4090"
"Cody Allen","Indians","4","3","28","6","3.65","0","65","65.0","54","26","8","78","25","1.21","10.80","3.40","3.67","1.1","12183"
"Jameson Taillon","Pirates","10","9","0","0","3.89","28","28","160.0","159","69","18","148","44","1.27","8.33","2.49","3.67","3.1","11674"
"Arodys Vizcaino","Braves","3","3","28","5","3.71","0","65","65.0","56","27","7","76","28","1.29","10.59","3.90","3.68","1.0","5498"
"Liam Hendriks","Athletics","3","3","2","12","3.77","0","55","55.0","50","23","7","58","18","1.23","9.46","2.89","3.68","0.5","3548"
"Carlos Martinez","Cardinals","13","10","0","0","3.72","32","32","205.0","192","85","21","205","73","1.30","9.03","3.22","3.68","4.0","11682"
"Blake Treinen","Athletics","3","3","6","14","3.64","0","65","65.0","61","26","6","63","26","1.35","8.74","3.63","3.68","0.9","12572"
"Enny Romero","Nationals","3","2","2","15","3.59","0","55","55.0","47","22","6","64","23","1.27","10.50","3.82","3.68","0.5","4001"
"Yu Darvish","","12","9","0","0","3.82","29","29","179.0","158","76","24","203","57","1.20","10.21","2.84","3.69","3.6","13074"
"Angel Sanchez","Pirates","1","1","0","1","3.76","0","20","20.0","19","8","2","19","6","1.26","8.68","2.73","3.70","0.0","11776"
"Tommy Hunter","","3","3","0","0","3.71","0","65","65.0","61","27","8","65","19","1.24","8.97","2.67","3.70","0.2","1157"
"Alex Wood","Dodgers","10","7","0","0","3.54","24","24","140.0","132","55","16","135","42","1.24","8.66","2.66","3.70","2.7","13781"
"Jeff Samardzija","Giants","12","12","0","0","3.79","32","32","205.0","199","86","25","187","45","1.19","8.23","1.99","3.71","3.5","3254"
"Gerrit Cole","Pirates","12","11","0","0","3.90","32","32","200.0","195","87","23","189","56","1.25","8.51","2.51","3.71","3.8","13125"
"Francisco Liriano","","3","3","0","0","3.63","0","65","65.0","57","26","7","73","27","1.30","10.14","3.80","3.71","0.2","3201"
"Grant Dayton","Braves","0","0","0","1","3.67","0","10","10.0","8","4","1","12","4","1.23","10.71","3.44","3.73","0.0","11203"
"Michael Feliz","Astros","2","2","1","11","3.75","0","45","45.0","38","19","6","55","18","1.24","10.94","3.61","3.75","0.3","11903"
"Kelvin Herrera","Royals","3","3","28","5","3.81","0","65","65.0","60","28","7","66","22","1.27","9.09","3.09","3.75","0.9","6033"
"Zack Greinke","Diamondbacks","13","10","0","0","3.82","32","32","205.0","198","87","27","198","52","1.22","8.70","2.28","3.75","4.1","1943"
"Jacob Barnes","Brewers","3","3","6","14","3.83","0","65","65.0","59","28","7","72","27","1.33","9.97","3.74","3.76","1.0","12323"
"Will Harris","Astros","3","2","2","13","3.85","0","55","55.0","51","23","7","56","17","1.25","9.19","2.85","3.77","0.5","3192"
"Frankie Montas","Athletics","1","1","0","1","3.75","0","25","25.0","22","10","3","28","10","1.28","10.22","3.71","3.77","0.1","14309"
"Trevor Hildenberger","Twins","3","3","28","4","3.80","0","65","65.0","64","27","7","59","19","1.27","8.21","2.66","3.77","1.0","17002"
"David Price","Red Sox","13","8","0","0","3.80","29","29","177.0","165","75","24","178","46","1.19","9.06","2.33","3.78","3.3","3184"
"Scott Alexander","Royals","2","2","0","8","3.58","0","40","40.0","39","16","3","34","16","1.39","7.66","3.70","3.78","0.2","10591"
"Rex Brothers","Braves","2","2","0","5","3.62","0","35","35.0","28","14","4","44","20","1.38","11.40","5.18","3.78","0.1","9794"
"Madison Bumgarner","Giants","12","12","0","0","3.72","32","32","210.0","197","87","28","201","51","1.18","8.62","2.17","3.78","3.4","5524"
"Luke Weaver","Cardinals","11","9","0","1","3.75","26","36","160.0","149","67","21","162","47","1.22","9.08","2.61","3.78","2.8","16918"
"Rich Hill","Dodgers","10","7","0","0","3.63","24","24","141.0","120","57","18","159","51","1.21","10.13","3.24","3.79","2.5","4806"
"Brandon Morrow","","3","3","0","0","3.77","0","65","65.0","60","27","8","66","21","1.25","9.12","2.89","3.79","0.8","9346"
"Josh Fields","Dodgers","2","2","1","12","3.65","0","45","45.0","38","18","6","50","15","1.18","10.07","2.95","3.79","0.3","5070"
"Juan Nicasio","","3","3","0","0","3.75","0","65","65.0","59","27","8","70","23","1.26","9.72","3.25","3.79","0.6","7731"
"Chaz Roe","Rays","2","1","0","3","3.58","0","30","30.0","26","12","3","31","12","1.29","9.38","3.70","3.79","0.1","9866"
"Kyle Barraclough","Marlins","3","3","6","17","3.68","0","65","65.0","54","27","6","75","36","1.38","10.38","4.96","3.80","0.7","13713"
"Carson Smith","Red Sox","3","3","6","17","3.81","0","65","65.0","61","28","6","64","27","1.35","8.80","3.73","3.80","0.8","13172"
"James Pazos","Mariners","3","2","2","13","3.63","0","55","55.0","47","22","6","62","26","1.32","10.17","4.20","3.80","0.5","13323"
"Sam Dyson","Giants","3","3","6","18","3.70","0","65","65.0","65","27","5","52","26","1.40","7.27","3.62","3.81","0.6","11710"
"Boone Logan","Indians","2","2","0","9","3.65","0","40","40.0","34","16","5","47","17","1.27","10.59","3.85","3.81","0.2","5525"
"Josh Smoker","Mets","2","2","0","9","3.64","0","40","40.0","35","16","5","45","17","1.28","10.12","3.75","3.81","0.2","10285"
"Dallas Keuchel","Astros","15","9","0","0","3.75","32","32","204.0","206","85","21","172","63","1.31","7.57","2.76","3.81","3.9","9434"
"Jared Miller","Diamondbacks","1","1","0","1","3.68","0","25","25.0","22","10","3","28","12","1.35","9.92","4.23","3.81","0.1","sa827467"
"Garrett Richards","Angels","10","7","0","0","3.73","24","24","145.0","138","60","15","134","51","1.30","8.31","3.15","3.82","2.6","9784"
"David Phelps","Mariners","3","3","3","15","3.75","0","55","55.0","50","23","7","59","20","1.27","9.67","3.33","3.82","0.5","6316"
"Tyler Lyons","Cardinals","4","3","28","6","3.79","2","67","74.0","69","31","10","76","22","1.22","9.22","2.71","3.82","1.0","11334"
"Chris Devenski","Astros","4","3","6","14","3.83","0","65","65.0","57","28","9","73","20","1.19","10.07","2.81","3.83","0.8","12763"
"Josh Hader","Brewers","3","3","2","13","3.74","0","55","55.0","45","23","7","71","26","1.28","11.60","4.21","3.83","0.5","14212"
"Charlie Morton","Astros","11","7","0","0","3.90","26","26","148.0","139","64","17","151","53","1.30","9.20","3.23","3.84","2.8","4676"
"Joakim Soria","Royals","3","3","2","12","3.80","0","55","55.0","51","23","6","54","20","1.30","8.87","3.35","3.84","0.4","6941"
"Luis Avilan","Dodgers","2","2","0","7","3.53","0","35","35.0","31","14","4","36","15","1.32","9.35","3.95","3.84","0.1","2882"
"Jimmie Sherfy","Diamondbacks","2","2","1","12","3.83","0","45","45.0","39","19","5","51","19","1.28","10.18","3.70","3.84","0.3","15118"
"Koda Glover","Nationals","3","2","3","17","3.82","0","55","55.0","51","23","7","56","19","1.28","9.11","3.13","3.84","0.5","17695"
"Greg Holland","","3","3","0","0","3.77","0","65","65.0","56","27","8","73","28","1.30","10.14","3.94","3.85","0.1","7196"
"Marcus Stroman","Blue Jays","13","10","0","0","3.96","32","32","202.0","209","89","21","166","61","1.33","7.37","2.72","3.85","3.9","13431"
"Cam Bedrosian","Angels","3","3","28","5","3.71","0","65","65.0","57","27","7","69","27","1.29","9.56","3.72","3.85","0.8","13360"
"Alex Colome","Rays","3","3","28","8","3.66","0","65","65.0","59","26","8","63","22","1.25","8.77","3.00","3.86","0.7","6661"
"Chris Rusin","Rockies","3","2","2","14","3.92","0","55","55.0","57","24","6","49","16","1.32","7.98","2.59","3.87","0.6","9895"
"Tyler Duffey","Twins","3","2","3","15","3.92","0","55","55.0","55","24","7","51","14","1.25","8.27","2.32","3.88","0.6","13758"
"Luiz Gohara","Braves","10","9","0","0","3.75","28","28","157.0","139","66","18","172","70","1.32","9.81","3.98","3.88","2.7","15166"
"Justin Verlander","Astros","15","9","0","0","3.94","32","32","206.0","182","90","30","233","67","1.21","10.15","2.94","3.89","3.7","8700"
"Dan Otero","Indians","2","2","1","11","3.81","0","45","45.0","48","19","5","32","11","1.31","6.36","2.19","3.89","0.3","7385"
"Tyler Glasnow","Pirates","6","6","0","0","3.95","16","16","94.0","80","41","10","109","48","1.36","10.47","4.58","3.90","1.6","14374"
"Phil Maton","Padres","3","3","6","13","3.86","0","65","65.0","59","28","8","70","24","1.28","9.73","3.38","3.90","0.6","18064"
"Alex Reyes","Cardinals","6","5","0","0","3.80","16","16","92.0","77","39","11","108","45","1.32","10.53","4.38","3.90","1.6","15015"
"Jake McGee","","3","3","0","0","3.84","0","65","65.0","59","28","9","69","22","1.25","9.53","3.10","3.91","0.1","7550"
"Jon Lester","Cubs","14","10","0","0","3.88","32","32","198.0","186","85","25","190","61","1.25","8.65","2.78","3.91","3.5","4930"
"Daniel Winkler","Braves","3","3","2","12","3.93","0","55","55.0","50","24","7","60","23","1.32","9.78","3.76","3.91","0.4","12237"
"Bud Norris","","3","3","0","0","3.90","0","65","65.0","60","28","8","67","23","1.29","9.26","3.23","3.91","0.1","9492"
"Dillon Maples","Cubs","2","2","0","10","3.59","0","40","40.0","33","16","3","46","24","1.42","10.39","5.37","3.91","0.2","14672"
"Clay Holmes","Pirates","0","0","0","1","3.84","0","10","10.0","10","4","1","9","5","1.44","8.37","4.26","3.91","0.0","sa598167"
"Alec Mills","Cubs","2","2","0","6","3.78","0","35","35.0","33","15","4","33","10","1.23","8.42","2.59","3.91","0.1","13834"
"Cory Mazzoni","Padres","0","1","0","1","3.91","0","10","10.0","9","4","1","10","4","1.31","9.21","3.41","3.93","0.0","12537"
"Michael Wacha","Cardinals","11","9","0","0","3.97","29","29","167.0","163","74","20","155","55","1.30","8.36","2.97","3.93","2.8","14078"
"Hunter Strickland","Giants","3","3","3","17","3.83","0","55","55.0","51","23","6","52","21","1.31","8.56","3.43","3.93","0.3","7836"
"Josh Lucas","Cardinals","2","1","0","3","3.89","0","30","30.0","29","13","3","28","11","1.31","8.34","3.17","3.94","0.1","11686"
"Brock Stewart","Dodgers","2","2","0","4","3.80","2","32","39.0","36","17","5","41","12","1.21","9.26","2.80","3.94","0.2","16727"
"Matt Albers","","3","3","0","0","3.94","0","65","65.0","63","28","7","60","22","1.32","8.30","3.10","3.94","0.1","4300"
"Kevin Shackelford","Reds","3","3","2","12","3.80","0","55","55.0","49","23","6","59","24","1.33","9.65","3.93","3.95","0.4","11012"
"Jerry Blevins","Mets","3","3","2","14","3.77","0","55","55.0","48","23","7","61","23","1.30","10.03","3.82","3.95","0.4","7841"
"Jon Gray","Rockies","12","10","0","0","4.20","32","32","193.0","187","90","26","202","65","1.31","9.42","3.05","3.95","3.9","14916"
"Tyler Webb","Brewers","1","1","0","1","3.90","0","20","20.0","19","9","3","21","8","1.31","9.62","3.46","3.95","0.0","14974"
"Zach McAllister","Indians","2","2","0","6","3.94","0","35","35.0","32","15","5","37","13","1.27","9.51","3.27","3.96","0.1","2895"
"Blake Wood","Angels","2","2","0","8","3.79","0","40","40.0","36","17","4","39","17","1.34","8.86","3.83","3.96","0.2","1345"
"Cory Gearrin","Giants","3","3","2","14","3.85","0","55","55.0","51","23","5","52","23","1.35","8.46","3.79","3.96","0.2","7947"
"Mychal Givens","Orioles","3","2","3","14","3.91","0","55","55.0","48","24","8","63","21","1.26","10.28","3.49","3.96","0.6","10430"
"Oliver Drake","Brewers","2","2","0","5","3.99","0","35","35.0","32","16","4","39","16","1.36","9.94","4.01","3.96","0.1","8823"
"Trevor Cahill","","3","3","0","0","3.97","0","65","65.0","61","29","7","65","28","1.37","9.00","3.91","3.98","0.1","6249"
"Trevor May","Twins","1","1","0","1","4.01","0","25","25.0","23","11","4","26","8","1.25","9.50","2.95","3.98","0.0","6398"
"Matt Barnes","Red Sox","2","2","1","13","4.01","0","45","45.0","41","20","5","48","19","1.34","9.53","3.83","3.98","0.2","12863"
"Jose Alvarado","Rays","1","1","0","1","3.54","0","20","20.0","16","8","2","23","12","1.41","10.38","5.36","3.98","0.0","17780"
"Ryne Stanek","Rays","2","2","0","5","3.75","0","35","35.0","30","15","4","39","16","1.31","10.00","4.20","3.98","0.0","15947"
"Derek Law","Giants","2","2","0","6","3.90","0","35","35.0","33","15","4","31","13","1.32","8.09","3.26","3.98","0.0","13133"
"Masahiro Tanaka","Yankees","13","10","0","0","3.96","32","32","196.0","191","86","30","188","45","1.20","8.63","2.06","3.99","3.7","15764"
"Ryan Sherriff","Cardinals","2","2","0","9","3.82","0","40","40.0","39","17","4","35","15","1.37","7.81","3.49","3.99","0.2","12249"
"Edgar Santana","Pirates","2","2","0","6","4.02","0","35","35.0","35","16","4","32","13","1.35","8.16","3.31","3.99","0.0","17355"
"Craig Stammen","Padres","2","2","0","8","4.01","0","40","40.0","40","18","5","36","14","1.34","8.14","3.21","3.99","0.1","7274"
"Dario Alvarez","Cubs","1","0","0","1","3.73","0","10","10.0","8","4","1","12","5","1.30","10.68","4.30","3.99","0.0","14239"
"Luis Garcia","Phillies","3","3","6","16","3.87","0","65","65.0","61","28","7","63","30","1.40","8.76","4.13","4.00","0.7","6984"
"Zack Godley","Diamondbacks","7","6","0","0","4.08","19","19","113.0","110","51","13","109","44","1.36","8.65","3.47","4.00","1.9","14862"
"Johnny Cueto","Giants","8","8","0","0","3.91","23","23","137.0","136","60","16","116","39","1.27","7.61","2.55","4.00","1.9","6893"
"Marc Rzepczynski","Mariners","2","2","1","10","3.74","0","45","45.0","43","19","4","42","22","1.44","8.42","4.35","4.00","0.2","6612"
"Sam Freeman","Braves","3","3","3","14","3.84","0","55","55.0","50","23","5","57","28","1.42","9.32","4.60","4.01","0.4","6832"
"Taylor Williams","Brewers","1","1","0","3","4.11","0","30","30.0","28","14","4","33","13","1.36","10.05","3.95","4.01","0.1","14899"
"Austin Pruitt","Rays","4","4","0","9","3.93","5","45","68.0","67","30","9","57","16","1.23","7.58","2.17","4.01","0.6","15290"
"Jesse Chavez","","3","3","0","0","3.98","0","65","65.0","63","29","9","63","19","1.26","8.75","2.61","4.01","0.1","5448"
"Pat Neshek","","3","3","0","0","4.01","0","65","65.0","61","29","10","64","17","1.20","8.92","2.31","4.01","0.1","4682"
"Andrew Kittredge","Rays","2","2","1","10","3.80","0","45","45.0","41","19","6","44","16","1.26","8.80","3.16","4.02","0.2","12828"
"Addison Reed","","3","3","0","0","4.08","0","65","65.0","62","29","9","64","19","1.25","8.89","2.64","4.02","0.3","10586"
"Wade LeBlanc","Pirates","1","1","0","1","3.96","0","15","15.0","15","7","2","13","4","1.28","7.76","2.41","4.02","0.0","5221"
"Aaron Loup","Blue Jays","3","2","2","13","3.86","0","55","55.0","51","24","6","54","23","1.35","8.85","3.71","4.03","0.4","10343"
"Ryan Pressly","Twins","3","3","2","13","4.08","0","55","55.0","53","25","7","54","20","1.33","8.82","3.34","4.03","0.4","7005"
"Justin Grimm","Cubs","2","2","1","12","3.91","0","45","45.0","39","20","6","50","21","1.33","9.94","4.14","4.03","0.2","11720"
"Zac Rosscup","","2","2","0","21","3.94","0","35","35.0","30","15","5","40","14","1.28","10.39","3.73","4.04","0.1","9419"
"Zac Rosscup","","3","3","0","40","3.94","0","65","65.0","56","28","9","75","27","1.28","10.39","3.73","4.04","0.1","9419"
"Julian Merryweather","Indians","1","1","0","1","3.95","0","15","15.0","14","7","2","14","4","1.23","8.32","2.46","4.04","0.0","sa829363"
"Austin Adams","Nationals","1","0","0","1","3.80","0","10","10.0","8","4","1","12","6","1.44","11.01","5.66","4.04","0.0","13801"
"Shane Greene","Tigers","3","3","28","4","3.94","0","65","65.0","61","28","8","65","24","1.31","8.96","3.38","4.05","0.7","10756"
"Blake Snell","Rays","12","10","0","0","3.77","32","32","184.0","160","77","22","191","84","1.32","9.35","4.09","4.05","2.8","13543"
"Josh Osich","Giants","2","2","1","11","3.86","0","45","45.0","42","19","4","44","21","1.39","8.70","4.24","4.05","0.1","11528"
"Luis Castillo","Reds","7","7","0","0","4.00","19","19","112.0","106","50","15","111","36","1.27","8.95","2.93","4.05","1.9","15689"
"Alex Claudio","Rangers","3","3","28","5","3.97","0","65","65.0","69","29","7","48","20","1.38","6.61","2.78","4.05","0.7","12890"
"Michael Tonkin","Twins","1","1","0","1","4.06","0","15","15.0","14","7","2","16","6","1.29","9.60","3.44","4.06","0.0","10315"
"Taylor Rogers","Twins","3","3","6","16","3.99","0","65","65.0","64","29","8","59","22","1.32","8.15","3.00","4.06","0.6","13449"
"Jimmy Nelson","Brewers","5","6","0","0","4.32","16","16","94.0","93","45","12","93","33","1.34","8.94","3.15","4.06","1.6","10547"
"David Paulino","Astros","1","1","0","1","4.05","0","20","20.0","18","9","3","22","7","1.24","9.91","3.05","4.06","0.0","17418"
"Clayton Richard","Padres","9","11","0","0","3.97","28","28","171.0","184","76","17","125","55","1.40","6.60","2.91","4.07","2.5","3551"
"Matt Grace","Nationals","2","2","0","9","3.94","0","40","40.0","42","18","4","31","15","1.41","6.98","3.36","4.07","0.1","11449"
"Wei-Yin Chen","Marlins","7","6","0","6","4.07","13","48","110.0","111","50","15","92","26","1.25","7.52","2.14","4.07","1.1","13071"
"Kenta Maeda","Dodgers","9","7","0","0","4.00","24","24","135.0","127","60","20","132","37","1.21","8.78","2.45","4.08","2.0","18498"
"Sammy Solis","Nationals","2","1","0","3","3.91","0","30","30.0","28","13","3","30","13","1.36","9.08","3.96","4.08","0.1","11457"
"Fernando Rodney","","3","3","0","0","3.98","0","65","65.0","59","29","7","67","31","1.39","9.22","4.28","4.08","0.1","494"
"Daniel Hudson","Pirates","3","3","6","14","4.06","0","65","65.0","62","29","8","64","27","1.36","8.82","3.74","4.09","0.4","7146"
"Nick Goody","Indians","3","2","3","16","3.95","0","55","55.0","46","24","8","63","22","1.24","10.39","3.52","4.09","0.4","13685"
"Pedro Baez","Dodgers","3","3","2","16","3.94","0","55","55.0","49","24","8","58","20","1.26","9.45","3.30","4.09","0.2","5420"
"Brad Ziegler","Marlins","3","3","28","7","3.95","0","65","65.0","70","29","5","43","25","1.46","5.95","3.43","4.09","0.4","7293"
"Samuel Tuivailala","Cardinals","2","2","1","11","4.02","0","45","45.0","41","20","5","46","19","1.34","9.13","3.80","4.10","0.2","13485"
"Jake Arrieta","","11","10","0","0","4.20","29","29","177.0","175","82","22","157","58","1.32","8.00","2.95","4.11","2.8","4153"
"Nick Wittgren","Marlins","1","1","0","1","4.10","0","20","20.0","19","9","3","18","6","1.28","8.29","2.84","4.11","0.0","15594"
"Matt Bush","Rangers","2","2","1","10","4.15","0","45","45.0","42","21","6","46","16","1.29","9.12","3.11","4.11","0.2","1246"
"Kyle Hendricks","Cubs","12","9","0","0","4.03","29","29","173.0","173","77","22","145","49","1.29","7.55","2.55","4.11","2.7","12049"
"Hyun-Jin Ryu","Dodgers","10","8","0","0","3.98","24","24","141.0","138","62","18","124","43","1.29","7.93","2.74","4.11","2.0","14444"
"Matt Bowman","Cardinals","3","3","2","15","4.06","0","55","55.0","58","25","6","41","19","1.39","6.75","3.08","4.12","0.3","13528"
"A.J. Ramos","Mets","3","3","6","14","3.99","0","65","65.0","56","29","8","73","32","1.36","10.05","4.46","4.12","0.5","8350"
"Tony Barnette","","3","3","0","0","4.10","0","65","65.0","63","30","8","61","24","1.33","8.49","3.26","4.12","0.1","3555"
"Seth Frankoff","Mariners","1","1","0","1","4.05","0","25","25.0","24","11","3","24","9","1.33","8.53","3.32","4.12","0.0","11346"
"Nick Kingham","Pirates","1","1","0","1","4.19","2","12","19.0","20","9","2","16","6","1.31","7.55","2.57","4.13","0.1","sa548285"
"Nick Rumbelow","Mariners","1","1","0","1","4.07","0","20","20.0","19","9","3","19","8","1.33","8.75","3.43","4.13","0.0","14867"
"Dominic Leone","Blue Jays","2","2","1","10","4.11","0","45","45.0","41","21","6","48","18","1.31","9.52","3.64","4.13","0.2","13763"
"Jose Alvarez","Angels","2","2","1","10","3.89","0","45","45.0","43","19","6","40","15","1.30","8.02","3.06","4.13","0.2","5358"
"Brad Boxberger","Diamondbacks","3","3","28","7","4.12","0","65","65.0","57","30","9","74","30","1.35","10.21","4.19","4.14","0.6","10133"
"Jeremy Jeffress","Brewers","2","2","1","10","4.19","0","45","45.0","47","21","5","39","19","1.45","7.84","3.76","4.14","0.2","9490"
"Michael Lorenzen","Reds","3","3","6","13","4.06","0","65","65.0","63","29","8","63","25","1.35","8.74","3.44","4.14","0.6","14843"
"Darren O'Day","Orioles","3","3","2","12","4.10","0","55","55.0","50","25","8","61","21","1.29","9.94","3.47","4.14","0.4","3321"
"Anthony Banda","Diamondbacks","7","6","0","6","4.07","13","48","110.0","103","50","14","111","44","1.33","9.09","3.57","4.14","1.2","14706"
"Jose Torres","Padres","2","3","2","13","4.05","0","55","55.0","51","25","7","56","21","1.32","9.13","3.51","4.14","0.2","14957"
"Hector Neris","Phillies","3","3","28","5","4.07","0","65","65.0","57","29","10","73","25","1.27","10.06","3.52","4.14","0.6","11804"
"Jason Hursh","Braves","1","1","0","1","4.09","0","15","15.0","15","7","1","13","6","1.44","7.65","3.89","4.15","0.0","14914"
"Jim Johnson","Angels","3","3","2","12","4.01","0","55","55.0","54","25","6","48","22","1.37","7.79","3.53","4.15","0.2","3656"
"Steven Okert","Giants","1","1","0","3","3.94","0","30","30.0","28","13","4","29","12","1.34","8.61","3.73","4.15","0.0","13580"
"Brent Honeywell","Rays","3","3","0","1","3.98","8","18","57.0","51","25","9","57","18","1.22","8.99","2.83","4.15","0.7","sa828706"
"Steve Cishek","","3","3","0","0","4.12","0","65","65.0","63","30","8","62","26","1.35","8.57","3.53","4.15","0.1","6483"
"Wily Peralta","Brewers","0","1","0","1","4.33","0","10","10.0","10","5","1","9","3","1.38","8.41","3.13","4.16","0.0","7738"
"A.J. Schugel","Pirates","3","3","3","16","4.21","0","55","55.0","57","26","6","46","19","1.38","7.57","3.18","4.16","0.3","11432"
"Shae Simmons","","3","3","0","0","4.06","0","65","65.0","60","29","7","66","31","1.41","9.14","4.36","4.16","0.1","14200"
"Randall Delgado","Diamondbacks","1","1","0","3","4.21","0","30","30.0","28","14","4","30","11","1.33","9.07","3.40","4.16","0.1","5985"
"Trevor Bauer","Indians","11","9","0","0","4.14","29","29","171.0","161","79","23","170","63","1.31","8.95","3.31","4.17","2.6","12703"
"Francis Martes","Astros","2","1","0","3","4.07","0","30","30.0","26","14","4","34","14","1.35","10.24","4.29","4.17","0.1","17303"
"Ivan Nova","Pirates","10","11","0","0","4.39","29","29","172.0","191","84","22","126","39","1.34","6.61","2.03","4.17","2.4","1994"
"Scott Oberg","Rockies","3","3","6","16","4.25","0","65","65.0","64","31","8","63","28","1.42","8.73","3.89","4.17","0.7","13911"
"Dan Jennings","Rays","3","3","6","14","3.80","0","65","65.0","63","27","6","54","28","1.40","7.48","3.94","4.17","0.4","8073"
"Brian Flynn","Royals","1","1","0","1","4.06","0","15","15.0","15","7","2","14","6","1.36","8.10","3.44","4.18","0.0","12027"
"Edubray Ramos","Phillies","3","3","3","16","4.13","0","55","55.0","50","25","8","59","22","1.30","9.69","3.52","4.18","0.4","16086"
"Daniel Coulombe","Athletics","2","2","0","5","4.01","0","35","35.0","34","16","4","32","16","1.43","8.13","4.08","4.18","0.0","13293"
"Gio Gonzalez","Nationals","12","10","0","0","4.16","32","32","193.0","191","89","23","172","73","1.37","8.05","3.39","4.18","2.7","7448"
"Brady Rodgers","Astros","1","1","0","1","4.18","0","15","15.0","15","7","2","13","4","1.27","7.76","2.29","4.19","0.0","13393"
"Paul Sewald","Mets","3","3","3","16","4.11","0","55","55.0","51","25","8","56","20","1.28","9.24","3.20","4.19","0.3","13892"
"Carter Capps","Padres","2","2","1","10","4.17","0","45","45.0","42","21","6","45","18","1.35","9.00","3.67","4.19","0.1","12803"
"Sean Gilmartin","Mets","1","1","0","1","3.99","0","15","15.0","15","7","2","13","5","1.30","8.00","2.90","4.19","0.0","12781"
"Dillon Peters","Marlins","8","7","0","0","4.04","23","23","128.0","130","57","13","99","47","1.38","7.00","3.32","4.19","1.7","18790"
"Tony Zych","Mariners","2","2","0","5","4.07","0","35","35.0","33","16","4","34","15","1.37","8.65","3.79","4.19","0.0","12876"
"Brad Brach","Orioles","3","3","6","13","4.16","0","65","65.0","60","30","9","69","27","1.33","9.55","3.67","4.19","0.6","6627"
"Jake Diekman","Rangers","3","3","3","15","4.05","0","55","55.0","50","25","6","58","28","1.41","9.48","4.51","4.20","0.4","5003"
"Koji Uehara","","3","3","0","0","4.13","0","65","65.0","60","30","11","68","19","1.21","9.43","2.63","4.21","0.1","9227"
"Brian Duensing","","3","3","0","0","4.07","0","65","65.0","64","29","8","59","24","1.35","8.14","3.30","4.21","0.1","4064"
"Brandon Kintzler","","3","3","0","0","4.16","0","65","65.0","70","30","7","46","20","1.38","6.36","2.70","4.21","0.1","9939"
"Zach Duke","","3","3","0","0","4.00","0","65","65.0","63","29","7","59","29","1.41","8.11","4.00","4.21","0.1","3840"
"Chad Kuhl","Pirates","10","10","0","0","4.33","28","28","160.0","161","77","20","142","59","1.38","8.01","3.35","4.21","2.1","14975"
"George Kontos","Pirates","2","2","0","9","4.32","0","40","40.0","41","19","5","34","13","1.36","7.63","3.00","4.21","0.1","9486"
"Gabriel Moya","Twins","2","2","0","8","4.03","0","40","40.0","36","18","6","42","17","1.32","9.51","3.81","4.21","0.1","16348"
"Patrick Corbin","Diamondbacks","8","7","0","0","4.24","23","23","129.0","133","61","17","113","44","1.36","7.82","3.08","4.21","1.9","9323"
"Wandy Peralta","Reds","3","3","3","14","3.95","0","55","55.0","51","24","7","54","24","1.38","8.77","3.99","4.22","0.3","14295"
"Peter Moylan","","3","3","0","0","4.11","0","65","65.0","66","30","7","54","26","1.41","7.51","3.57","4.22","0.1","4891"
"Shawn Kelley","Nationals","2","2","1","11","4.19","0","45","45.0","42","21","7","47","16","1.29","9.33","3.15","4.22","0.1","7773"
"Albert Suarez","Giants","3","3","0","1","4.14","5","30","53.0","53","24","7","44","17","1.33","7.40","2.96","4.23","0.3","6175"
"Adam Ottavino","Rockies","3","3","3","17","4.38","0","55","55.0","51","27","7","60","26","1.40","9.88","4.23","4.23","0.5","1247"
"Mike Mayers","Cardinals","1","1","0","1","4.17","0","15","15.0","15","7","2","14","5","1.31","8.16","3.03","4.23","0.0","15451"
"Tony Cingrani","Dodgers","3","3","6","16","3.88","0","65","65.0","57","28","9","71","29","1.33","9.78","4.06","4.23","0.3","12555"
"J.T. Chargois","Twins","2","1","0","3","4.18","0","30","30.0","29","14","4","29","14","1.40","8.72","4.08","4.23","0.1","13767"
"Oliver Perez","","3","3","0","0","4.09","0","65","65.0","58","30","9","71","28","1.32","9.88","3.87","4.24","0.1","1514"
"Luke Hochevar","","3","3","0","0","4.26","0","65","65.0","60","31","10","68","24","1.30","9.41","3.38","4.24","0.1","6943"
"Justin Nicolino","Marlins","1","1","0","1","4.19","0","25","25.0","27","12","3","17","7","1.36","6.11","2.46","4.24","0.0","11754"
"Michael Fulmer","Tigers","11","11","0","0","4.24","29","29","185.0","191","87","24","148","53","1.31","7.18","2.56","4.24","2.8","13218"
"Rick Porcello","Red Sox","11","10","0","0","4.42","29","29","182.0","189","89","27","153","41","1.27","7.57","2.03","4.24","2.4","2717"
"Yusmeiro Petit","Athletics","3","3","3","15","4.28","0","55","55.0","54","26","9","52","15","1.25","8.54","2.48","4.24","0.2","4020"
"Carlos Estevez","Rockies","2","2","1","12","4.30","0","45","45.0","43","22","6","46","19","1.39","9.18","3.88","4.24","0.2","14542"
"Dinelson Lamet","Padres","7","8","0","0","4.19","23","23","130.0","114","61","18","147","62","1.35","10.15","4.30","4.24","1.7","17186"
"Sonny Gray","Yankees","12","11","0","0","4.26","32","32","195.0","198","92","26","172","67","1.36","7.93","3.07","4.25","3.1","12768"
"Zach Putnam","White Sox","1","1","0","1","4.19","0","20","20.0","19","9","3","21","9","1.37","9.27","3.97","4.25","0.0","9080"
"John Brebbia","Cardinals","3","3","3","17","4.26","0","55","55.0","52","26","8","53","18","1.28","8.70","2.89","4.26","0.2","12777"
"Chase Bradford","Mets","0","1","0","1","4.15","0","10","10.0","10","5","1","8","3","1.36","6.89","2.89","4.26","0.0","12452"
"Brian Ellington","Marlins","2","2","0","9","4.10","0","40","40.0","34","18","5","46","23","1.41","10.24","5.08","4.26","0.1","17233"
"Ryan Tepera","Blue Jays","3","3","6","14","4.22","0","65","65.0","60","30","9","66","26","1.33","9.16","3.65","4.26","0.4","10291"
"Keynan Middleton","Angels","3","3","3","14","4.05","0","55","55.0","50","25","8","55","22","1.31","8.98","3.65","4.27","0.2","15264"
"Xavier Cedeno","Rays","1","1","0","1","3.96","0","25","25.0","24","11","3","21","10","1.36","7.73","3.53","4.27","0.0","36"
"Dovydas Neverauskas","Pirates","3","3","2","13","4.28","0","55","55.0","55","26","6","49","24","1.43","8.08","3.96","4.28","0.1","11604"
"Jorge Lopez","Brewers","1","1","0","1","4.31","0","15","15.0","15","7","2","15","7","1.42","8.70","3.95","4.28","0.0","14527"
"Drew Pomeranz","Red Sox","11","9","0","0","4.28","29","29","165.0","158","78","23","161","65","1.35","8.77","3.52","4.28","2.1","11426"
"Rob Zastryzny","Cubs","1","1","0","1","4.03","0","15","15.0","14","7","2","14","6","1.35","8.20","3.52","4.28","0.0","15094"
"Steven Brault","Pirates","5","5","0","1","4.20","10","35","81.0","80","38","10","72","33","1.39","7.96","3.64","4.29","0.7","15291"
"Jorge de la Rosa","","3","3","0","0","4.21","0","65","65.0","64","30","8","59","26","1.37","8.22","3.54","4.29","0.0","2047"
"Tony Watson","","3","3","0","0","4.18","0","65","65.0","64","30","9","58","23","1.33","8.02","3.12","4.29","0.0","3132"
"Jen-Ho Tseng","Cubs","2","1","0","4","4.14","0","30","30.0","29","14","4","27","9","1.28","7.99","2.73","4.29","0.0","15524"
"Chase Johnson","Giants","1","1","0","0","4.23","3","3","18.0","19","9","2","14","7","1.42","7.01","3.58","4.29","0.2","sa549740"
"Tanner Roark","Nationals","12","11","0","0","4.33","32","32","190.0","195","91","25","160","64","1.36","7.60","3.03","4.29","2.4","8753"
"Seung Hwan Oh","","3","3","0","0","4.28","0","65","65.0","63","31","10","63","20","1.27","8.77","2.75","4.29","0.0","18719"
"Jarlin Garcia","Marlins","2","2","1","11","4.12","0","45","45.0","44","21","6","39","17","1.35","7.82","3.39","4.29","0.1","18282"
"Zack Wheeler","Mets","8","9","0","0","4.27","24","24","134.0","130","64","17","126","55","1.38","8.46","3.67","4.29","1.7","10310"
"Barrett Astin","Reds","0","0","0","1","4.16","0","10","10.0","10","5","1","9","4","1.40","7.85","3.63","4.29","0.0","14812"
"Dan Runzler","Pirates","1","1","0","3","4.10","0","30","30.0","29","14","3","28","16","1.50","8.33","4.79","4.30","0.0","4080"
"Jaime Garcia","","10","10","0","0","4.27","29","29","168.0","175","80","20","135","60","1.40","7.23","3.21","4.31","2.2","8137"
"Sean Newcomb","Braves","9","10","0","0","4.15","28","28","157.0","139","72","18","171","89","1.46","9.83","5.11","4.31","2.0","16943"
"Walker Lockett","Padres","1","1","0","1","4.28","2","12","19.0","21","9","3","14","5","1.33","6.70","2.47","4.31","0.1","sa657984"
"Tyler Skaggs","Angels","10","9","0","0","4.20","26","26","154.0","149","72","21","138","54","1.32","8.09","3.18","4.31","1.9","10190"
"Ryan Garton","Rays","1","1","0","1","4.07","0","15","15.0","14","7","2","14","7","1.37","8.51","4.00","4.31","0.0","14016"
"Jacob Turner","Nationals","1","1","0","1","4.34","0","25","25.0","26","12","3","21","9","1.39","7.69","3.26","4.31","0.0","10185"
"Felix Hernandez","Mariners","10","10","0","0","4.40","28","28","162.0","168","79","22","137","54","1.36","7.61","2.97","4.32","2.0","4772"
"Trevor Gott","Nationals","2","2","0","6","4.23","0","35","35.0","36","16","4","29","15","1.44","7.38","3.74","4.32","0.0","15046"
"Brandon Maurer","Royals","3","3","6","13","4.33","0","65","65.0","64","31","9","59","23","1.34","8.14","3.15","4.32","0.2","4878"
"Jack Flaherty","Cardinals","7","7","0","1","4.26","16","41","119.0","116","56","16","108","43","1.33","8.18","3.27","4.32","1.2","17479"
"John Gant","Cardinals","5","5","0","1","4.28","11","31","86.0","85","41","11","77","32","1.36","8.06","3.33","4.32","0.8","13684"
"Daniel Stumpf","Tigers","2","2","1","9","4.10","0","45","45.0","43","21","6","41","18","1.36","8.27","3.65","4.32","0.1","13780"
"Junichi Tazawa","Marlins","3","3","2","14","4.32","0","55","55.0","55","26","7","47","19","1.35","7.70","3.13","4.32","0.1","4079"
"Santiago Casilla","Athletics","3","3","28","4","4.32","0","65","65.0","63","31","9","60","25","1.37","8.37","3.50","4.32","0.3","2873"
"Erick Fedde","Nationals","6","5","0","0","4.31","16","16","92.0","95","44","11","74","32","1.38","7.29","3.13","4.32","1.1","17425"
"Dan Altavilla","Mariners","2","2","0","8","4.23","0","40","40.0","36","19","6","42","18","1.34","9.54","3.96","4.32","0.1","16507"
"Tyler Anderson","Rockies","12","11","0","0","4.42","32","32","192.0","197","94","28","175","63","1.35","8.21","2.94","4.33","3.1","12880"
"Adam Morgan","Phillies","3","3","2","13","4.24","2","57","64.0","62","30","11","62","19","1.26","8.63","2.61","4.34","0.4","12580"
"Jesse Biddle","Braves","0","1","0","1","4.17","0","10","10.0","10","5","1","9","4","1.41","8.29","4.00","4.34","0.0","sa548186"
"Jose Ramirez","Braves","3","3","6","15","4.32","0","65","65.0","60","31","8","68","33","1.42","9.38","4.51","4.34","0.2","10171"
"Luis Perdomo","Padres","8","10","0","0","4.42","26","26","153.0","166","75","17","113","57","1.46","6.65","3.34","4.35","1.8","14682"
"Alex Cobb","","8","8","0","0","4.41","23","23","133.0","142","65","18","101","37","1.36","6.86","2.54","4.35","1.7","6562"
"J.A. Happ","Blue Jays","12","11","0","0","4.38","32","32","190.0","190","93","28","170","62","1.32","8.05","2.93","4.35","2.6","7410"
"Chasen Shreve","Yankees","2","2","0","6","4.10","0","35","35.0","30","16","5","40","17","1.36","10.19","4.36","4.36","0.0","10855"
"Nathan Karns","Royals","5","6","0","0","4.50","16","16","91.0","89","46","13","88","35","1.35","8.73","3.44","4.36","1.1","12638"
"Brandon McCarthy","Dodgers","9","8","0","0","4.30","24","24","135.0","136","64","19","114","43","1.33","7.66","2.86","4.36","1.5","4662"
"David Hernandez","","3","3","0","0","4.37","0","65","65.0","63","32","10","63","23","1.32","8.69","3.17","4.36","0.0","4259"
"Max Povse","Mariners","0","0","0","1","4.26","0","10","10.0","10","5","1","9","3","1.31","7.67","2.80","4.36","0.0","16165"
"Danny Duffy","Royals","10","11","0","0","4.31","29","29","180.0","178","86","26","157","56","1.30","7.88","2.79","4.36","2.1","3542"
"Shawn Armstrong","Indians","2","1","0","3","4.20","0","30","30.0","27","14","4","31","14","1.38","9.40","4.33","4.37","0.0","12857"
"Jesen Therrien","Phillies","2","2","1","11","4.23","0","45","45.0","44","21","6","42","18","1.37","8.33","3.66","4.37","0.1","15853"
"Adam Wainwright","Cardinals","10","10","0","0","4.41","29","29","171.0","182","84","21","127","55","1.39","6.72","2.89","4.37","2.0","2233"
"Chih-Wei Hu","Rays","0","0","0","1","4.15","0","10","10.0","10","5","1","9","3","1.27","7.90","2.81","4.37","0.0","16419"
"Sergio Romo","","3","3","0","0","4.31","0","65","65.0","62","31","10","63","22","1.29","8.66","2.99","4.37","0.0","9817"
"Matt Andriese","Rays","3","3","0","0","4.28","8","8","47.0","47","22","7","39","13","1.28","7.49","2.56","4.38","0.5","12022"
"Scott Kazmir","Dodgers","2","2","0","0","4.24","6","6","36.0","35","17","5","33","13","1.32","8.18","3.17","4.38","0.4","4897"
"Richard Bleier","Orioles","1","1","0","3","4.29","0","30","30.0","35","14","4","17","7","1.40","5.01","2.08","4.38","0.1","7803"
"Buddy Boshers","Twins","2","2","1","10","4.32","0","45","45.0","45","22","6","39","17","1.40","7.81","3.49","4.39","0.1","8490"
"Cody Reed","Reds","1","1","0","1","4.18","2","12","19.0","18","9","2","20","9","1.41","9.27","4.40","4.39","0.1","15232"
"Buddy Baumann","Padres","2","2","0","5","4.18","0","35","35.0","32","16","5","36","15","1.32","9.38","3.74","4.39","0.0","9309"
"Jairo Diaz","Rockies","1","1","0","1","4.43","0","25","25.0","24","12","3","25","13","1.49","8.84","4.61","4.39","0.0","12774"
"Dayan Diaz","Angels","0","0","0","1","4.20","0","10","10.0","9","5","1","9","4","1.34","8.50","3.70","4.39","0.0","11543"
"Tyler Chatwood","","8","8","0","0","4.32","23","23","128.0","130","61","14","109","59","1.47","7.63","4.13","4.39","1.6","4338"
"Trevor Williams","Pirates","6","7","0","1","4.50","16","26","104.0","112","52","13","78","36","1.42","6.78","3.08","4.39","1.1","16977"
"Sandy Alcantara","Cardinals","2","2","0","6","4.24","0","35","35.0","33","16","4","33","17","1.42","8.56","4.27","4.39","0.0","18684"
"Jared Hughes","Brewers","2","2","0","9","4.48","0","40","40.0","43","20","4","32","16","1.48","7.16","3.66","4.40","0.1","9325"
"CC Sabathia","","8","8","0","0","4.37","24","24","138.0","143","67","19","117","48","1.38","7.59","3.10","4.40","1.7","404"
"Matt Shoemaker","Angels","9","8","0","0","4.33","24","24","139.0","138","67","22","122","38","1.27","7.92","2.47","4.40","1.6","4776"
"Eduardo Rodriguez","Red Sox","2","2","0","0","4.40","6","6","37.0","35","18","6","35","13","1.32","8.71","3.17","4.41","0.4","13164"
"Felix Pena","Angels","1","1","0","1","4.20","0","15","15.0","14","7","2","15","6","1.32","9.10","3.70","4.41","0.0","13403"
"Akeel Morris","Braves","0","1","0","1","4.26","0","10","10.0","9","5","1","11","6","1.43","10.07","5.08","4.41","0.0","12185"
"Cody Martin","Mariners","1","1","0","3","4.33","0","30","30.0","29","14","5","28","10","1.31","8.48","2.98","4.41","0.0","12182"
"Chris Stratton","Giants","4","5","0","0","4.35","13","13","72.0","73","35","9","58","29","1.41","7.15","3.58","4.41","0.7","13761"
"Joe Biagini","Blue Jays","9","9","0","9","4.55","19","59","153.0","160","77","20","122","53","1.39","7.21","3.13","4.41","1.5","13194"
"Fernando Abad","","3","3","0","0","4.26","0","65","65.0","63","31","9","61","26","1.37","8.39","3.62","4.42","0.0","4994"
"Sean Manaea","Athletics","10","10","0","0","4.41","29","29","173.0","178","85","24","146","58","1.36","7.61","3.03","4.42","2.0","15873"
"Johnny Barbato","Pirates","2","2","1","11","4.41","0","45","45.0","43","22","6","43","21","1.43","8.60","4.17","4.42","0.0","11440"
"Taijuan Walker","Diamondbacks","11","11","0","0","4.55","32","32","189.0","191","95","27","170","65","1.36","8.13","3.09","4.42","2.4","11836"
"Mike Montgomery","Cubs","11","9","0","1","4.22","24","49","166.0","167","78","18","135","72","1.44","7.33","3.91","4.43","1.7","4869"
"Brett Anderson","","9","9","0","0","4.39","24","24","141.0","158","69","16","92","47","1.46","5.86","3.02","4.43","1.7","8223"
"Max Fried","Braves","9","10","0","3","4.22","23","53","162.0","156","76","17","149","84","1.49","8.32","4.70","4.43","1.5","13743"
"Jason Grilli","","3","3","0","0","4.36","0","65","65.0","59","32","10","70","28","1.33","9.74","3.85","4.44","0.0","521"
"Ryan Dull","Athletics","1","1","0","3","4.40","0","30","30.0","29","15","5","28","11","1.33","8.53","3.24","4.44","0.0","13974"
"Kyle Crick","Giants","2","2","0","9","4.16","0","40","40.0","36","18","4","40","23","1.47","9.00","5.18","4.44","0.0","13182"
"German Marquez","Rockies","11","11","0","0","4.65","32","32","186.0","195","96","29","170","58","1.36","8.18","2.79","4.45","2.8","15038"
"Tyler Beede","Giants","1","1","0","0","4.32","3","3","18.0","19","9","2","14","8","1.43","6.76","3.73","4.45","0.2","sa597784"
"Rafael Montero","Mets","4","5","0","4","4.35","8","38","77.0","73","37","10","75","36","1.42","8.72","4.24","4.45","0.5","12760"
"Carlos Rodon","White Sox","6","7","0","0","4.42","19","19","112.0","107","55","16","111","48","1.39","8.90","3.82","4.45","1.4","16137"
"Jose Berrios","Twins","11","10","0","0","4.51","29","29","169.0","165","85","25","160","61","1.33","8.53","3.22","4.46","2.1","14168"
"Nick Vincent","Mariners","3","3","6","14","4.39","0","65","65.0","65","32","10","58","20","1.30","8.01","2.77","4.46","0.1","7555"
"Matt Moore","Giants","10","12","0","0","4.40","31","31","178.0","177","87","24","150","65","1.36","7.58","3.28","4.46","1.5","1890"
"Leonel Campos","Blue Jays","1","1","0","1","4.34","0","20","20.0","18","10","3","21","10","1.42","9.54","4.68","4.46","0.0","12277"
"Andrew Heaney","Angels","9","9","0","0","4.30","26","26","149.0","145","71","23","133","48","1.30","8.07","2.89","4.46","1.6","15423"
"Aaron Sanchez","Blue Jays","8","8","0","0","4.54","24","24","139.0","143","70","17","114","58","1.45","7.37","3.76","4.47","1.7","11490"
"Blaine Hardy","Tigers","0","0","0","1","4.25","0","10","10.0","10","5","1","8","4","1.36","7.50","3.26","4.47","0.0","6499"
"Mauricio Cabrera","Braves","0","1","0","1","4.22","0","10","10.0","9","5","1","11","7","1.57","9.97","6.32","4.47","0.0","12975"
"Brandon Workman","Red Sox","3","3","2","16","4.51","0","55","55.0","54","28","8","51","23","1.39","8.42","3.70","4.47","0.0","11428"
"Adam Kolarek","Rays","3","3","2","13","4.01","0","55","55.0","54","25","5","44","28","1.48","7.23","4.52","4.48","0.0","10843"
"Joe Jimenez","Tigers","2","2","0","5","4.29","0","35","35.0","31","17","5","36","16","1.34","9.26","4.00","4.48","0.0","15761"
"Chris Hatcher","Athletics","2","2","0","8","4.45","0","40","40.0","39","20","6","38","16","1.37","8.51","3.60","4.48","0.0","3299"
"Jake Faria","Rays","8","9","0","0","4.24","24","24","139.0","125","66","20","140","61","1.34","9.03","3.94","4.48","1.4","13699"
"Andrew Triggs","Athletics","6","7","0","0","4.63","19","19","108.0","116","56","14","81","34","1.39","6.70","2.85","4.48","1.2","13533"
"Neil Ramirez","Mets","2","2","0","6","4.37","0","35","35.0","31","17","5","39","17","1.37","10.04","4.44","4.49","0.0","7677"
"Adam Warren","Yankees","2","2","0","9","4.38","0","40","40.0","40","19","6","36","14","1.36","8.10","3.22","4.49","0.1","9029"
"Tyler Olson","Indians","3","3","2","13","4.22","0","55","55.0","52","26","8","51","22","1.36","8.27","3.65","4.49","0.1","14741"
"Mike Foltynewicz","Braves","8","10","0","0","4.57","26","26","150.0","150","76","23","139","55","1.37","8.35","3.28","4.49","1.6","10811"
"Kyle Gibson","Twins","10","10","0","0","4.53","29","29","168.0","181","85","21","127","61","1.44","6.79","3.24","4.49","2.0","10123"
"Fernando Salas","","3","3","0","0","4.45","0","65","65.0","65","32","10","58","23","1.35","8.09","3.13","4.49","0.0","4971"
"Noe Ramirez","Angels","1","1","0","1","4.23","0","20","20.0","18","9","3","19","8","1.33","8.57","3.71","4.50","0.0","12800"
"Artie Lewicki","Tigers","0","0","0","1","4.35","0","10","10.0","10","5","2","8","3","1.29","7.10","2.41","4.50","0.0","16731"
"Lucas Harrell","","3","3","0","0","4.42","0","65","65.0","65","32","8","56","30","1.46","7.70","4.09","4.50","0.0","7541"
"Alan Busenitz","Twins","2","2","0","5","4.47","0","35","35.0","35","17","5","30","13","1.38","7.83","3.36","4.51","0.0","15239"
"Erik Goeddel","Mets","1","1","0","1","4.44","0","20","20.0","19","10","3","19","8","1.38","8.68","3.80","4.51","0.0","11712"
"Kyle Zimmer","Royals","0","1","0","1","4.42","0","10","10.0","9","5","1","10","4","1.38","8.60","3.93","4.51","0.0","sa621583"
"Kevin Gausman","Orioles","12","11","0","0","4.57","32","32","192.0","195","98","31","177","65","1.35","8.27","3.02","4.52","2.5","14107"
"Mike Leake","Mariners","10","11","0","0","4.58","31","31","186.0","211","95","27","121","43","1.36","5.86","2.08","4.53","1.9","10130"
"Dean Deetz","Astros","1","0","0","1","4.41","0","10","10.0","9","5","1","11","5","1.43","9.51","4.71","4.53","0.0","sa829001"
"Jose De Leon","Rays","8","9","0","0","4.37","24","24","137.0","125","66","22","138","55","1.31","9.09","3.61","4.53","1.3","15463"
"Ryan O'Rourke","Twins","1","1","0","1","4.39","0","20","20.0","19","10","3","19","9","1.41","8.52","4.03","4.53","0.0","10976"
"Joaquin Benoit","","3","3","0","0","4.44","0","65","65.0","62","32","10","63","28","1.38","8.72","3.86","4.53","0.0","1437"
"Reymin Guduan","Astros","1","1","0","1","4.33","0","25","25.0","24","12","3","24","14","1.49","8.79","4.93","4.54","0.0","13058"
"Brad Peacock","Astros","9","8","0","0","4.58","24","24","135.0","127","69","21","139","58","1.37","9.26","3.88","4.54","1.4","5401"
"Jordan Montgomery","Yankees","13","13","0","3","4.45","32","62","218.0","217","108","35","199","77","1.35","8.22","3.19","4.54","2.5","16511"
"Drew Smyly","","1","1","0","0","4.45","2","2","9.0","9","5","2","9","3","1.29","8.51","2.86","4.54","0.1","11760"
"Raul Alcantara","Athletics","0","1","0","1","4.49","0","10","10.0","10","5","1","8","3","1.34","7.07","2.63","4.54","0.0","12790"
"Robbie Erlin","Padres","0","1","0","0","4.49","2","2","9.0","10","5","1","7","3","1.38","7.06","2.92","4.54","0.1","10354"
"Anthony DeSclafani","Reds","4","4","0","0","4.61","11","11","66.0","68","34","11","58","19","1.33","7.88","2.62","4.54","0.8","13050"
"Kyle McGrath","Padres","1","2","0","3","4.34","0","30","30.0","29","14","5","28","10","1.30","8.36","3.04","4.55","0.0","16793"
"Nick Pivetta","Phillies","9","11","0","0","4.51","29","29","167.0","161","83","26","164","66","1.36","8.87","3.59","4.55","2.0","15454"
"Sam Moll","Mariners","0","0","0","1","4.31","0","10","10.0","10","5","1","8","4","1.42","7.54","3.73","4.55","0.0","14874"
"Nick Gardewine","Rangers","2","2","0","8","4.49","0","40","40.0","40","20","5","36","17","1.42","8.10","3.87","4.55","0.0","16513"
"Keith Hessler","Padres","0","1","0","1","4.38","0","10","10.0","10","5","1","9","5","1.46","8.11","4.27","4.55","0.0","12220"
"Bruce Rondon","Tigers","2","2","0","7","4.42","0","40","40.0","36","20","6","43","21","1.43","9.58","4.81","4.56","0.0","5766"
"Ubaldo Jimenez","","9","10","0","0","4.67","26","26","150.0","151","78","21","135","64","1.43","8.05","3.86","4.56","1.6","3374"
"Andrew Albers","Mariners","3","3","0","0","4.48","8","8","45.0","48","23","7","35","12","1.33","6.88","2.48","4.57","0.4","7853"
"Nick Tropeano","Angels","6","6","0","0","4.41","18","18","100.0","96","49","15","91","38","1.34","8.17","3.38","4.58","1.0","12385"
"Vance Worley","Marlins","4","4","0","3","4.61","6","36","68.0","74","35","8","46","23","1.45","6.09","3.10","4.58","0.3","6435"
"Eric Skoglund","Royals","4","5","0","3","4.46","8","38","77.0","79","38","11","63","26","1.36","7.38","3.03","4.58","0.4","16155"
"Dan Straily","Marlins","11","12","0","0","4.57","32","32","192.0","190","97","30","171","67","1.33","8.01","3.13","4.58","1.7","9460"
"Jayson Aquino","Orioles","2","2","1","9","4.42","0","45","45.0","47","22","6","36","15","1.39","7.10","3.04","4.59","0.1","13150"
"Taylor Jungmann","Brewers","0","1","0","1","4.65","0","10","10.0","10","5","1","10","5","1.47","8.83","4.37","4.59","0.0","13119"
"Jandel Gustave","Astros","1","0","0","1","4.46","0","10","10.0","10","5","1","10","5","1.44","8.61","4.36","4.59","0.0","14665"
"Anibal Sanchez","","9","10","0","0","4.67","29","29","161.0","164","83","26","142","52","1.34","7.93","2.93","4.59","1.6","3284"
"Keury Mella","Reds","0","1","0","1","4.43","0","10","10.0","10","5","1","9","4","1.37","8.13","3.47","4.59","0.0","15964"
"Jose Valdez","Padres","1","1","0","1","4.48","0","20","20.0","19","10","3","20","10","1.44","9.05","4.51","4.60","0.0","14470"
"Collin McHugh","Astros","6","5","0","0","4.65","16","16","92.0","95","48","15","78","28","1.34","7.67","2.75","4.60","0.9","7531"
"Emilio Pagan","Athletics","2","2","1","10","4.51","0","45","45.0","42","23","7","45","17","1.32","8.98","3.50","4.60","0.0","14771"
"Chris O'Grady","Marlins","3","3","0","0","4.42","10","10","54.0","54","26","7","43","21","1.39","7.20","3.51","4.60","0.5","13818"
"Ricardo Rodriguez","Rangers","1","1","0","1","4.63","0","20","20.0","20","10","3","19","8","1.40","8.54","3.64","4.60","0.0","15458"
"Cole Hamels","Rangers","12","12","0","0","4.69","32","32","204.0","212","106","29","170","77","1.42","7.53","3.39","4.60","2.3","4972"
"Mike Pelfrey","","3","3","0","0","4.64","0","65","65.0","71","34","8","45","22","1.43","6.28","3.08","4.60","0.0","5203"
"Eduardo Paredes","Angels","2","2","0","5","4.40","0","35","35.0","34","17","5","32","14","1.37","8.12","3.67","4.61","0.0","16344"
"Mike Clevinger","Indians","11","10","0","0","4.44","29","29","169.0","157","84","26","169","76","1.37","8.99","4.03","4.61","1.8","12808"
"Josh Edgin","Mets","1","1","0","1","4.41","0","25","25.0","24","12","3","23","12","1.46","8.10","4.28","4.61","0.0","10796"
"Danny Barnes","Blue Jays","3","3","3","16","4.58","0","55","55.0","52","28","10","54","19","1.30","8.88","3.13","4.61","0.0","11388"
"Seth Lugo","Mets","7","9","0","0","4.61","24","24","137.0","145","70","22","108","40","1.35","7.09","2.66","4.62","1.3","12447"
"Yacksel Rios","Phillies","2","2","0","6","4.45","0","35","35.0","33","17","5","34","15","1.39","8.69","3.95","4.63","0.0","15007"
"Javy Guerra","Marlins","1","1","0","1","4.51","0","15","15.0","15","8","2","12","7","1.49","7.38","4.40","4.63","0.0","7407"
"Wei-Chung Wang","Brewers","1","1","0","1","4.63","0","25","25.0","26","13","4","21","8","1.39","7.61","2.95","4.63","0.0","14382"
"Alex Wilson","Tigers","3","3","6","12","4.57","0","65","65.0","69","33","9","47","20","1.38","6.57","2.76","4.63","0.1","9239"
"Brooks Pounders","Angels","1","1","0","3","4.44","0","30","30.0","28","15","5","28","12","1.34","8.47","3.53","4.64","0.0","10387"
"Arcenio Leon","Tigers","0","1","0","1","4.45","0","10","10.0","10","5","1","8","5","1.49","7.24","4.29","4.64","0.0","8846"
"Kendall Graveman","Athletics","8","10","0","0","4.76","26","26","151.0","170","80","20","100","47","1.44","5.97","2.82","4.64","1.4","15514"
"Matt Purke","White Sox","1","1","0","1","4.39","0","25","25.0","24","12","3","24","14","1.49","8.80","4.87","4.64","0.0","12831"
"Rob Whalen","Mariners","0","1","0","1","4.57","0","10","10.0","10","5","1","8","4","1.40","7.51","3.50","4.64","0.0","14165"
"Lisalverto Bonilla","Reds","2","3","0","1","4.56","5","25","48.0","47","24","7","44","21","1.42","8.30","3.95","4.65","0.3","11266"
"Luke Sims","Braves","0","1","0","0","4.58","2","2","9.0","8","5","1","9","5","1.43","9.15","4.48","4.65","0.1","13470"
"Damien Magnifico","Angels","1","1","0","1","4.33","0","25","25.0","24","12","3","22","14","1.52","7.85","5.08","4.65","0.0","13395"
"Kevin Quackenbush","Padres","1","1","0","1","4.68","0","15","15.0","15","8","2","13","6","1.44","7.72","3.74","4.66","0.0","12360"
"Marco Gonzales","Mariners","4","4","0","1","4.51","10","25","71.0","73","36","11","58","24","1.36","7.36","3.02","4.66","0.5","15467"
"Ty Blach","Giants","6","8","0","0","4.58","19","19","115.0","130","58","14","63","34","1.43","4.95","2.67","4.66","0.7","14361"
"Julio Teheran","Braves","9","12","0","0","4.70","29","29","179.0","185","94","29","153","60","1.37","7.72","3.02","4.66","1.5","6797"
"Yohander Mendez","Rangers","1","1","0","3","4.52","0","30","30.0","30","15","5","27","12","1.39","8.01","3.52","4.66","0.0","14391"
"JC Ramirez","Angels","8","8","0","0","4.61","23","23","131.0","138","67","18","98","48","1.42","6.69","3.26","4.66","1.1","8302"
"Aaron Bummer","White Sox","3","3","2","12","4.37","0","55","55.0","52","27","7","53","31","1.51","8.62","5.03","4.66","0.0","16258"
"Duane Underwood Jr.","Cubs","1","1","0","1","4.43","0","20","20.0","20","10","3","17","8","1.40","7.76","3.78","4.66","0.0","sa657936"
"Robert Gsellman","Mets","5","6","0","0","4.58","16","16","90.0","97","46","12","63","32","1.43","6.32","3.16","4.66","0.8","13696"
"Rowan Wick","Cardinals","0","0","0","1","4.53","0","10","10.0","10","5","1","9","5","1.46","8.27","4.48","4.66","0.0","sa549441"
"Ervin Santana","Twins","10","11","0","0","4.76","29","29","184.0","193","97","29","149","59","1.37","7.30","2.89","4.66","1.9","3200"
"Kevin Jepsen","","3","3","0","0","4.60","0","65","65.0","64","33","10","59","28","1.42","8.13","3.88","4.67","0.0","6475"
"Al Alburquerque","White Sox","1","2","0","3","4.56","0","30","30.0","29","15","4","29","15","1.45","8.60","4.37","4.67","0.0","6324"
"Jakob Junis","Royals","9","11","0","0","4.68","29","29","171.0","177","89","28","141","49","1.32","7.39","2.59","4.67","1.4","13619"
"Chase Whitley","Rays","1","1","0","17","4.46","0","20","20.0","20","10","3","16","6","1.32","7.28","2.85","4.67","0.0","10982"
"Chase Whitley","Rays","3","3","0","46","4.46","0","55","55.0","55","27","9","44","17","1.32","7.28","2.85","4.67","-0.1","10982"
"Shane Carle","Rockies","1","1","0","3","4.83","0","30","30.0","33","16","5","24","9","1.40","7.33","2.80","4.67","0.0","15258"
"Sal Romano","Reds","8","9","0","0","4.59","24","24","144.0","149","73","21","119","54","1.41","7.43","3.39","4.67","1.5","13690"
"Kevin Siegrist","Phillies","1","2","0","3","4.45","0","30","30.0","27","15","5","32","15","1.41","9.54","4.48","4.68","0.0","8180"
"Austin Brice","Reds","0","1","0","1","4.51","0","10","10.0","10","5","2","9","4","1.37","8.43","3.63","4.68","0.0","17237"
"Luke Jackson","Braves","2","2","1","10","4.64","0","45","45.0","44","23","6","42","23","1.51","8.30","4.67","4.68","-0.1","11752"
"Ryan Buchter","Royals","2","3","3","15","4.44","0","55","55.0","50","27","8","55","26","1.38","9.01","4.21","4.68","-0.1","9456"
"Drew Hutchison","Pirates","1","1","0","0","4.76","2","2","9.0","9","5","1","7","3","1.42","7.36","3.41","4.69","0.1","10732"
"Lou Trivino","Athletics","0","1","0","1","4.56","0","10","10.0","10","5","1","8","5","1.49","7.15","4.24","4.69","0.0","sa737939"
"Hoby Milner","Phillies","2","2","0","9","4.42","0","40","40.0","40","20","6","34","15","1.38","7.71","3.47","4.69","0.0","13346"
"Hansel Robles","Mets","2","2","1","11","4.54","0","45","45.0","42","23","7","46","21","1.39","9.14","4.22","4.69","-0.1","11801"
"Zach Davies","Brewers","9","12","0","0","4.85","29","29","176.0","198","95","26","128","55","1.44","6.56","2.81","4.69","1.8","13183"
"Tyler Mahle","Reds","8","9","0","0","4.66","24","24","141.0","144","73","24","126","46","1.34","7.99","2.94","4.70","1.4","16358"
"Blaine Boyer","","3","3","0","0","4.69","0","65","65.0","70","34","9","47","24","1.44","6.58","3.25","4.70","0.0","2237"
"Jeff Ferrell","Tigers","1","1","0","1","4.52","0","20","15.0","15","8","2","13","6","1.36","7.89","3.42","4.71","0.0","11506"
"Tyler Clippard","","3","3","0","0","4.57","0","65","65.0","59","33","11","67","29","1.36","9.21","4.04","4.71","-0.1","5640"
"Jaime Schultz","Rays","1","1","0","0","4.49","3","3","18.0","17","9","3","19","10","1.46","9.06","4.98","4.71","0.1","sa708975"
"Jace Fry","White Sox","2","2","1","9","4.45","0","45","45.0","44","22","6","42","25","1.52","8.31","4.93","4.71","0.0","16159"
"Brandon Woodruff","Brewers","9","12","0","1","4.84","29","39","179.0","188","96","28","156","66","1.42","7.85","3.31","4.71","1.7","16162"
"Joe Blanton","","3","3","0","0","4.72","0","65","65.0","67","34","11","57","22","1.37","7.93","3.07","4.72","-0.1","4849"
"Alfredo Simon","","3","3","0","0","4.70","0","65","65.0","69","34","10","50","22","1.41","6.93","3.05","4.72","-0.1","2155"
"Robby Scott","Red Sox","2","2","0","10","4.53","0","40","40.0","40","20","6","34","15","1.36","7.76","3.35","4.72","-0.1","13042"
"Lance Lynn","","9","9","0","0","4.67","26","26","150.0","153","78","22","127","60","1.42","7.61","3.64","4.73","1.3","2520"
"Jharel Cotton","Athletics","8","10","0","0","4.70","26","26","151.0","151","79","25","134","56","1.37","7.96","3.33","4.73","1.2","13654"
"Chase Anderson","Brewers","9","11","0","0","4.90","29","29","168.0","175","91","30","155","55","1.37","8.33","2.97","4.73","1.7","6895"
"Spencer Turnbull","Tigers","0","1","0","1","4.60","0","10","10.0","10","5","1","8","4","1.45","7.04","3.77","4.73","0.0","sa827481"
"Mark Leiter","Phillies","9","11","0","0","4.71","28","28","160.0","164","84","26","138","56","1.37","7.77","3.17","4.73","1.6","15551"
"Donnie Hart","Orioles","2","2","0","8","4.62","0","40","40.0","43","21","6","30","14","1.44","6.83","3.26","4.74","0.0","15306"
"Ricky Nolasco","","8","10","0","0","4.82","26","26","147.0","160","79","24","115","44","1.39","7.05","2.71","4.74","1.3","3830"
"Jason Vargas","","8","9","0","0","4.67","24","24","136.0","144","71","22","105","43","1.37","6.96","2.82","4.75","1.2","8044"
"Ryan Carpenter","Tigers","5","5","0","1","4.58","13","23","85.0","86","43","14","71","27","1.33","7.54","2.88","4.75","0.7","sa455439"
"Matt Dermody","Blue Jays","2","2","0","6","4.65","0","35","35.0","37","18","6","28","11","1.37","7.13","2.94","4.75","0.0","14844"
"Daniel Gossett","Athletics","1","1","0","0","4.75","2","2","9.0","10","5","1","7","3","1.44","6.71","3.32","4.75","0.1","16164"
"Tony Sipp","Astros","2","2","0","6","4.62","0","35","35.0","34","18","6","34","14","1.38","8.64","3.73","4.76","0.0","8280"
"Kyle Freeland","Rockies","12","13","0","10","4.87","29","69","209.0","234","113","29","152","78","1.49","6.55","3.36","4.76","2.0","16256"
"Jackson Stephens","Reds","2","2","0","1","4.65","3","18","34.0","34","17","6","29","12","1.37","7.79","3.22","4.76","0.2","14420"
"Kyle Ryan","Tigers","0","1","0","1","4.50","0","10","10.0","11","5","1","7","5","1.52","6.29","4.12","4.76","0.0","11753"
"Chance Adams","Yankees","2","2","0","1","4.59","2","27","34.0","33","18","6","34","15","1.38","8.79","3.84","4.76","0.1","sa875066"
"Danny Farquhar","White Sox","3","3","6","13","4.59","0","65","65.0","62","33","10","63","30","1.42","8.70","4.13","4.76","0.0","8501"
"J.J. Hoover","Diamondbacks","3","3","2","14","4.74","0","55","55.0","52","29","9","56","27","1.43","9.13","4.35","4.76","-0.1","9037"
"Austin Voth","Nationals","4","4","0","1","4.68","8","28","67.0","70","35","10","51","26","1.43","6.91","3.49","4.77","0.3","sa621465"
"Carlos Torres","Brewers","2","3","3","15","4.88","0","55","55.0","58","30","8","49","24","1.48","8.10","3.88","4.77","0.0","7624"
"J.P. Howell","Blue Jays","1","1","0","1","4.65","0","25","25.0","27","13","3","18","11","1.50","6.62","3.94","4.78","0.0","8245"
"Erasmo Ramirez","Mariners","7","8","0","0","4.80","23","23","126.0","136","67","20","98","39","1.39","6.96","2.81","4.78","0.9","10314"
"Matt Harvey","Mets","7","10","0","0","4.77","24","24","138.0","146","73","21","107","48","1.41","6.96","3.12","4.78","1.1","11713"
"Kevin McCarthy","Royals","1","1","0","1","4.75","0","20","20.0","22","11","3","13","8","1.49","5.95","3.53","4.78","0.0","15240"
"Jordan Lyles","Padres","5","8","0","0","4.86","19","19","113.0","122","61","15","84","45","1.49","6.67","3.62","4.79","0.8","7593"
"Vidal Nuno","Orioles","1","1","0","1","4.71","0","15","15.0","16","8","3","13","5","1.34","7.94","2.76","4.79","0.0","9674"
"Adalberto Mejia","Twins","11","11","0","0","4.74","29","29","169.0","176","89","27","138","63","1.41","7.37","3.34","4.79","1.5","13188"
"Josh Tomlin","Indians","6","6","0","0","4.80","16","16","92.0","103","49","18","66","15","1.28","6.45","1.44","4.79","0.8","9388"
"Jesse Hahn","Athletics","7","9","0","0","4.84","24","24","134.0","146","72","17","93","55","1.50","6.26","3.73","4.79","1.0","13287"
"Bryan Mitchell","Yankees","5","6","0","0","4.72","16","16","91.0","96","48","13","72","37","1.46","7.09","3.65","4.80","0.9","11479"
"Neftali Feliz","Royals","2","2","1","10","4.71","0","45","45.0","44","24","7","41","20","1.41","8.27","3.92","4.80","-0.1","18"
"Antonio Senzatela","Rockies","5","6","0","0","5.04","16","16","92.0","101","51","14","74","34","1.47","7.26","3.33","4.80","1.0","15488"
"Daniel Mengden","Athletics","1","1","0","0","4.79","2","2","9.0","10","5","1","7","4","1.43","7.13","3.49","4.80","0.1","16980"
"Jason Motte","Braves","2","2","0","8","4.90","0","40","40.0","42","22","6","34","16","1.45","7.70","3.66","4.81","-0.1","5861"
"Clayton Blackburn","Rangers","4","5","0","1","4.87","10","35","81.0","88","44","13","62","27","1.42","6.84","3.00","4.81","0.5","sa598302"
"Daniel Norris","Tigers","9","11","0","0","4.71","29","29","167.0","169","87","25","141","72","1.44","7.58","3.90","4.81","1.5","13475"
"Stefan Crichton","Orioles","2","2","0","5","4.80","0","35","35.0","37","19","5","28","13","1.44","7.25","3.40","4.81","0.0","16058"
"Jesus Castillo","Angels","1","1","0","0","4.68","2","2","9.0","10","5","1","6","3","1.41","6.30","3.09","4.81","0.1","sa657701"
"Wade Miley","Orioles","7","7","0","0","4.75","21","21","116.0","124","61","17","95","50","1.49","7.39","3.85","4.83","1.1","8779"
"Brent Suter","Brewers","10","12","0","1","4.81","29","39","179.0","197","96","30","137","53","1.40","6.87","2.68","4.83","1.5","13942"
"Odrisamer Despaigne","Marlins","9","10","0","0","4.85","28","28","160.0","176","86","20","106","64","1.49","5.95","3.58","4.83","0.9","16017"
"Nik Turley","Twins","4","4","0","0","4.69","13","13","72.0","68","37","12","70","34","1.42","8.81","4.24","4.83","0.6","5530"
"Jake Odorizzi","Rays","8","9","0","0","4.67","24","24","137.0","135","71","24","121","49","1.34","7.98","3.20","4.83","0.9","6397"
"Andrew Bailey","","3","3","0","0","4.77","0","65","65.0","66","34","11","57","26","1.40","7.91","3.57","4.83","-0.1","1368"
"Martin Perez","Rangers","10","11","0","0","4.90","29","29","174.0","200","95","23","108","63","1.51","5.61","3.24","4.84","1.5","6902"
"Chris Bassitt","Athletics","7","9","0","1","4.83","19","39","133.0","139","71","19","102","53","1.44","6.93","3.60","4.84","0.8","12304"
"Doug Fister","Rangers","10","10","0","0","4.94","29","29","168.0","186","92","26","127","60","1.46","6.79","3.22","4.84","1.5","9425"
"Christian Friedrich","Padres","5","8","0","0","4.76","19","19","110.0","117","58","16","84","46","1.47","6.89","3.72","4.85","0.7","7942"
"Ariel Hernandez","Reds","2","2","1","10","4.58","0","45","45.0","39","23","6","52","33","1.60","10.35","6.66","4.85","-0.1","15603"
"Jose Urena","Marlins","9","11","0","0","4.89","29","29","169.0","181","92","23","123","67","1.47","6.54","3.56","4.86","0.9","11589"
"A.J. Cole","Nationals","3","3","0","0","4.81","8","8","45.0","46","24","7","38","18","1.42","7.50","3.54","4.86","0.3","11467"
"Jason Hammel","Royals","8","12","0","0","5.04","29","29","164.0","178","92","28","128","48","1.38","7.00","2.63","4.86","1.0","4538"
"Jose Leclerc","Rangers","3","3","6","13","4.63","0","65","65.0","55","33","9","75","44","1.52","10.42","6.03","4.87","-0.1","14524"
"Steven Wright","Red Sox","8","9","0","0","4.94","24","24","141.0","152","77","22","105","49","1.43","6.71","3.15","4.87","0.9","8185"
"Drew VerHagen","Tigers","2","3","3","13","4.74","0","55","55.0","58","29","8","40","22","1.46","6.61","3.60","4.88","-0.1","13424"
"Warwick Saupold","Tigers","2","2","0","19","4.73","0","55","40.0","42","21","6","30","16","1.45","6.75","3.61","4.88","-0.1","13211"
"Ronald Herrera","Rangers","1","1","0","1","4.80","0","15","15.0","16","8","3","12","5","1.37","7.38","2.93","4.88","0.0","15688"
"Mark Lowe","","3","3","0","0","4.78","0","65","65.0","66","34","10","56","28","1.44","7.81","3.84","4.89","-0.1","7416"
"Juan Minaya","White Sox","3","3","28","4","4.80","0","65","65.0","63","35","10","62","30","1.44","8.59","4.22","4.89","-0.2","10341"
"Matt Wisler","Braves","7","10","0","1","4.99","21","46","147.0","160","82","25","111","47","1.41","6.81","2.90","4.89","0.7","12804"
"Mike Morin","Royals","1","1","0","1","4.79","0","25","25.0","27","13","4","18","8","1.40","6.58","3.00","4.89","0.0","13442"
"Connor Sadzeck","Rangers","3","4","0","5","4.85","5","40","63.0","64","34","9","56","30","1.48","7.95","4.28","4.89","0.2","sa550247"
"Mike Dunn","Rockies","3","3","28","5","4.94","0","65","65.0","65","36","11","65","30","1.46","8.98","4.21","4.90","0.0","9948"
"Hisashi Iwakuma","Mariners","4","4","0","0","4.93","11","11","66.0","74","36","11","45","17","1.39","6.20","2.35","4.91","0.4","13048"
"Jerad Eickhoff","Phillies","2","3","0","0","4.88","8","8","46.0","48","25","8","39","15","1.37","7.64","2.96","4.91","0.4","12664"
"Brandon Finnegan","Reds","1","1","0","0","4.80","2","2","9.0","9","5","2","9","5","1.48","8.91","4.56","4.92","0.1","16208"
"Sam Gaviglio","Royals","4","7","0","0","5.03","16","16","91.0","103","51","14","58","29","1.45","5.68","2.86","4.92","0.5","12778"
"Yovani Gallardo","","9","11","0","0","4.90","29","29","169.0","182","92","25","127","71","1.50","6.73","3.80","4.92","1.1","8173"
"Alejandro Chacin","Reds","1","2","0","3","4.74","0","30","30.0","29","16","5","28","14","1.45","8.26","4.25","4.93","0.0","13530"
"Paul Blackburn","Athletics","3","4","0","0","4.96","10","10","56.0","64","31","7","32","20","1.51","5.12","3.20","4.93","0.3","14739"
"Homer Bailey","Reds","7","10","0","0","4.91","24","24","141.0","151","77","23","111","52","1.44","7.05","3.33","4.93","1.0","8362"
"Mike Fiers","Astros","2","2","0","0","4.97","6","6","36.0","38","20","6","31","13","1.39","7.80","3.16","4.94","0.2","7754"
"Andrew Cashner","","7","9","0","0","5.00","24","24","138.0","153","77","20","94","53","1.49","6.11","3.43","4.94","0.9","8782"
"Cionel Perez","Astros","0","0","0","1","4.78","0","10","10.0","10","5","2","8","4","1.46","7.49","3.86","4.94","0.0","sa954181"
"Sandy Baez","Tigers","0","1","0","1","4.79","0","10","10.0","10","5","2","8","4","1.39","7.25","3.27","4.95","0.0","sa657709"
"Zach Lee","Padres","1","2","0","0","4.99","5","5","28.0","31","15","4","19","11","1.50","6.30","3.56","4.95","0.1","11468"
"Bartolo Colon","","5","6","0","0","5.02","16","16","90.0","105","50","16","56","19","1.38","5.54","1.94","4.95","0.6","375"
"Chad Bell","Tigers","6","7","0","1","4.80","16","26","104.0","108","55","15","79","46","1.48","6.85","3.94","4.96","0.7","10297"
"Henderson Alvarez","","7","9","0","0","4.98","24","24","137.0","159","76","20","79","44","1.48","5.17","2.88","4.97","0.8","5669"
"Matt Boyd","Tigers","10","11","0","0","4.75","29","29","169.0","171","89","30","140","60","1.36","7.44","3.17","4.98","1.2","15440"
"Rookie Davis","Reds","1","2","0","1","4.86","3","13","29.0","30","16","5","24","10","1.37","7.41","3.03","4.99","0.1","14962"
"Aaron Blair","Braves","2","3","0","0","4.97","6","6","38.0","39","21","6","31","18","1.50","7.31","4.22","4.99","0.2","14934"
"Miguel Diaz","Padres","4","6","0","1","4.96","11","36","91.0","93","50","14","78","43","1.50","7.77","4.28","4.99","0.3","18815"
"Tim Adleman","Reds","4","5","0","8","4.91","6","46","78.0","81","42","14","67","26","1.38","7.79","3.03","4.99","0.2","10968"
"Buck Farmer","Tigers","6","7","0","1","4.88","16","26","104.0","108","56","18","82","37","1.40","7.12","3.23","5.01","0.6","14814"
"Adam McCreery","Braves","0","1","0","1","4.60","0","10","10.0","10","5","1","9","8","1.73","8.13","6.89","5.01","0.0","sa599173"
"Gregory Infante","White Sox","2","3","3","14","4.91","0","55","55.0","53","30","9","53","30","1.51","8.65","4.84","5.02","-0.2","9119"
"Troy Scribner","Angels","1","1","0","1","4.76","2","12","19.0","19","10","3","17","9","1.40","7.86","3.95","5.02","0.0","15570"
"Jim Henderson","","3","3","0","0","4.99","0","65","65.0","63","36","11","62","30","1.44","8.64","4.18","5.02","-0.1","6653"
"Aaron Wilkerson","Brewers","4","6","0","0","5.08","15","15","82.0","86","47","16","74","28","1.39","8.03","3.09","5.03","0.6","16904"
"Chris Smith","Athletics","2","2","0","1","5.14","3","18","34.0","37","19","6","25","12","1.45","6.72","3.29","5.03","0.1","4544"
"Chris Lee","Orioles","0","1","0","1","4.82","0","10","10.0","11","5","1","7","4","1.52","6.40","3.94","5.03","0.0","sa550044"
"Aaron Slegers","Twins","5","6","0","0","5.02","16","16","91.0","101","51","15","60","29","1.43","5.94","2.88","5.04","0.6","15231"
"David Holmberg","","3","3","0","0","4.88","0","65","65.0","71","35","10","45","24","1.46","6.21","3.28","5.05","-0.1","7725"
"Nate Smith","Angels","1","1","0","0","4.72","2","2","9.0","10","5","2","7","3","1.39","6.42","3.15","5.05","0.0","sa737900"
"Asher Wojciechowski","Reds","3","5","0","5","4.95","6","41","73.0","72","40","14","69","26","1.35","8.52","3.23","5.06","0.2","10836"
"Gerson Moreno","Tigers","0","1","0","1","4.89","0","10","10.0","10","5","1","9","6","1.54","7.93","5.02","5.06","0.0","sa736656"
"Jeff Hoffman","Rockies","6","7","0","0","5.30","19","19","109.0","119","64","19","93","46","1.50","7.67","3.75","5.07","0.9","17432"
"Marco Estrada","Blue Jays","11","12","0","0","5.05","32","32","192.0","191","108","37","173","72","1.37","8.12","3.37","5.08","1.1","1118"
"Braden Shipley","Diamondbacks","6","7","0","10","5.13","13","53","115.0","127","66","19","83","42","1.47","6.50","3.31","5.08","0.3","15158"
"Jimmy Cordero","Nationals","1","1","0","1","4.92","0","15","15.0","16","8","2","12","8","1.59","7.02","4.97","5.08","0.0","sa680023"
"Ricardo Pinto","Phillies","2","2","0","1","4.92","2","27","34.0","36","19","6","28","13","1.43","7.23","3.51","5.09","0.0","16318"
"Chris Smith","Blue Jays","1","2","0","3","5.01","0","30","30.0","31","17","6","25","11","1.38","7.64","3.25","5.09","-0.1","14449"
"Ian Kennedy","Royals","8","12","0","0","5.13","29","29","167.0","173","95","31","145","62","1.41","7.81","3.36","5.09","0.7","6986"
"Jake Esch","Padres","1","1","0","1","5.04","2","12","19.0","21","11","3","13","7","1.48","6.21","3.40","5.09","0.0","12756"
"Shawn Morimando","Indians","3","3","0","1","4.90","6","26","58.0","60","31","10","45","24","1.45","7.05","3.72","5.10","0.2","13606"
"Zac Reininger","Tigers","1","1","0","1","5.01","0","15","15.0","16","8","2","12","6","1.48","7.03","3.86","5.10","0.0","15285"
"Miguel Almonte","Royals","1","2","0","0","5.10","5","5","28.0","28","16","4","23","13","1.51","7.40","4.34","5.11","0.1","14139"
"Dylan Bundy","Orioles","11","12","0","0","5.09","32","32","194.0","201","110","38","172","67","1.38","7.95","3.12","5.11","1.3","12917"
"Eduardo Jimenez","","0","0","0","0","5.55","0","10","10.0","11","6","2","9","5","1.56","8.38","4.18","5.12","0.0","sa3001404"
"Jose Ruiz","","0","0","0","0","5.55","0","10","10.0","11","6","2","9","5","1.56","8.38","4.18","5.12","0.0","14552"
"Adam Conley","Marlins","7","8","0","0","5.01","21","21","122.0","129","68","18","88","52","1.49","6.48","3.86","5.12","0.3","14457"
"Chase De Jong","Mariners","0","1","0","1","5.04","0","10","10.0","11","6","2","8","3","1.39","6.95","2.94","5.13","0.0","15036"
"Amir Garrett","Reds","3","4","0","0","4.93","10","10","56.0","57","31","10","51","27","1.49","8.14","4.36","5.14","0.3","14375"
"Victor Alcantara","Tigers","0","1","0","1","4.92","0","10","10.0","10","5","1","7","5","1.58","6.65","4.87","5.14","0.0","15028"
"Ariel Jurado","Rangers","1","1","0","0","5.21","2","2","9.0","11","5","1","5","3","1.51","5.17","3.07","5.14","0.1","sa737364"
"Huston Street","","3","3","0","0","5.12","0","65","65.0","68","37","12","53","27","1.46","7.39","3.70","5.16","-0.1","8258"
"Lucas Giolito","White Sox","8","12","0","0","5.09","29","29","177.0","180","100","29","154","89","1.52","7.82","4.52","5.16","1.0","15474"
"Chris Young","Royals","1","2","0","5","5.13","0","35","35.0","36","20","7","30","13","1.41","7.64","3.45","5.16","-0.1","3196"
"Jordan Zimmermann","Tigers","8","12","0","0","5.12","29","29","168.0","189","96","31","108","44","1.39","5.77","2.34","5.16","0.9","4505"
"Parker Bridwell","Angels","4","4","0","0","5.01","11","11","65.0","70","36","11","44","22","1.42","6.13","3.06","5.17","0.2","11502"
"Luis Cessa","Yankees","2","2","0","0","5.12","6","6","36.0","39","21","6","29","14","1.45","7.12","3.44","5.18","0.2","13345"
"Matt Garza","","9","12","0","0","5.24","29","29","169.0","191","98","28","113","63","1.50","5.99","3.35","5.18","0.7","3340"
"Robert Stephenson","Reds","7","10","0","1","5.02","21","46","147.0","142","82","26","145","78","1.50","8.86","4.80","5.18","0.5","13594"
"Zach Eflin","Phillies","4","7","0","0","5.19","16","16","93.0","104","54","18","66","26","1.40","6.36","2.54","5.21","0.5","13774"
"Ariel Miranda","Mariners","4","5","0","0","5.01","15","15","81.0","83","45","16","69","31","1.40","7.61","3.45","5.24","0.2","17526"
"Colby Lewis","","2","3","0","0","5.33","8","8","47.0","54","28","9","33","13","1.41","6.25","2.46","5.24","0.2","1259"
"Chris Tillman","","9","12","0","0","5.25","29","29","169.0","186","99","28","121","70","1.51","6.46","3.72","5.24","0.6","5279"
"Tom Koehler","Blue Jays","4","5","0","0","5.35","11","11","66.0","70","39","12","55","29","1.49","7.58","3.91","5.25","0.3","6570"
"Luke Farrell","Cubs","6","7","0","0","5.05","19","19","109.0","108","61","20","95","51","1.45","7.81","4.18","5.26","0.3","15101"
"Jairo Labourt","Tigers","1","2","0","3","4.91","0","30","30.0","29","16","4","27","19","1.60","8.01","5.75","5.27","-0.1","14996"
"Phil Hughes","Twins","5","6","0","0","5.40","16","16","91.0","107","55","19","57","20","1.39","5.67","1.93","5.28","0.4","7450"
"Junior Guerra","Brewers","4","6","0","0","5.34","15","15","80.0","85","48","14","70","38","1.54","7.80","4.30","5.28","0.3","5702"
"Eddie Butler","Cubs","8","9","0","0","5.16","24","24","141.0","157","81","22","90","58","1.52","5.74","3.69","5.30","0.4","13453"
"Chi Chi Gonzalez","Rangers","0","1","0","0","5.39","2","2","9.0","10","5","1","6","4","1.58","5.80","3.91","5.30","0.0","14663"
"Ricardo Sanchez","Braves","0","1","0","1","5.05","0","10","10.0","10","6","1","9","6","1.63","7.68","5.70","5.31","0.0","sa830302"
"Miguel Castro","Orioles","0","1","0","1","5.26","0","10","10.0","11","6","2","7","5","1.55","6.69","4.09","5.31","0.0","15684"
"Roenis Elias","Red Sox","2","2","0","0","5.24","5","5","28.0","29","16","5","21","12","1.50","6.76","3.88","5.33","0.0","12673"
"Joe Palumbo","Rangers","0","1","0","1","5.09","0","10","10.0","10","6","1","8","7","1.66","7.65","5.86","5.34","0.0","sa738453"
"Ben Lively","Phillies","8","11","0","0","5.26","28","28","159.0","172","93","31","118","51","1.41","6.70","2.87","5.34","0.6","14932"
"Jeremy Hellickson","","6","9","0","0","5.34","23","23","128.0","145","76","25","86","38","1.43","6.04","2.65","5.35","0.3","4371"
"Jake Jewell","Angels","0","1","0","0","5.16","2","2","9.0","10","5","1","5","4","1.54","5.19","3.83","5.35","0.0","sa829312"
"Travis Wood","Padres","6","11","0","0","5.28","24","24","141.0","152","83","24","104","64","1.53","6.62","4.07","5.35","0.1","9884"
"Reynaldo Lopez","White Sox","7","11","0","0","5.23","26","26","148.0","149","86","28","129","68","1.47","7.87","4.13","5.36","0.5","16400"
"Andrew Moore","Mariners","2","3","0","0","5.29","8","8","46.0","51","27","10","33","12","1.36","6.38","2.30","5.37","0.1","17553"
"Tyler Wilson","Orioles","3","4","0","1","5.44","8","28","67.0","79","40","12","41","21","1.49","5.48","2.84","5.39","0.1","12691"
"Mike Wright","Orioles","2","3","0","0","5.41","8","8","45.0","50","27","9","34","16","1.46","6.74","3.24","5.43","0.2","12586"
"Jake Thompson","Phillies","6","9","0","0","5.39","21","21","118.0","129","70","21","86","51","1.53","6.58","3.93","5.46","0.3","14371"
"Heath Fillmyer","Athletics","0","1","0","0","5.43","2","2","9.0","10","6","2","6","4","1.55","6.00","4.03","5.46","0.0","sa738396"
"Alberto Tirado","Phillies","1","1","0","1","5.14","0","20","20.0","19","11","3","19","15","1.71","8.72","6.95","5.46","-0.1","sa659315"
"Dylan Covey","White Sox","5","8","0","0","5.57","19","19","107.0","122","66","18","71","51","1.61","6.00","4.25","5.50","0.2","14825"
"Brian Johnson","Red Sox","2","2","0","0","5.38","5","5","28.0","30","16","5","20","11","1.49","6.40","3.72","5.51","0.0","14272"
"Nick Martinez","Rangers","7","9","0","0","5.62","24","24","137.0","160","85","26","86","45","1.50","5.65","2.95","5.52","0.3","12730"
"Tyrell Jenkins","Padres","0","1","0","0","5.53","2","2","9.0","10","6","1","6","5","1.67","6.17","5.03","5.52","0.0","11378"
"Jesus Liranzo","Orioles","0","1","0","1","5.36","0","10","10.0","10","6","2","10","6","1.58","8.87","5.51","5.53","0.0","sa658076"
"Jimmy Yacabonis","Orioles","1","1","0","1","5.45","0","25","25.0","27","15","4","20","14","1.62","7.08","4.91","5.53","-0.1","15157"
"Jaime Barria","Angels","0","1","0","0","5.26","2","2","9.0","10","5","2","6","3","1.40","5.80","2.84","5.54","0.0","sa737379"
"Daniel Wright","Angels","0","1","0","0","5.34","2","2","9.0","10","5","2","6","3","1.47","5.50","3.27","5.57","0.0","15179"
"Nick Tepesch","Blue Jays","3","4","0","0","5.64","10","10","54.0","62","34","10","34","18","1.49","5.65","3.02","5.59","0.0","11716"
"James Shields","White Sox","7","13","0","0","5.61","29","29","174.0","190","108","35","139","75","1.53","7.21","3.88","5.60","0.2","7059"
"Tyler Danish","White Sox","2","4","0","1","5.58","6","21","53.0","62","33","9","29","23","1.61","5.02","3.90","5.60","0.0","15126"
"Chris Beck","White Sox","3","5","0","8","5.55","6","46","78.0","85","48","14","56","39","1.60","6.46","4.53","5.63","-0.3","13418"
"Gregory Soto","Tigers","0","1","0","1","5.24","0","10","10.0","10","6","1","8","7","1.73","7.30","6.58","5.64","0.0","sa737262"
"Gabriel Ynoa","Orioles","5","8","0","0","5.67","19","19","108.0","127","68","22","66","34","1.48","5.50","2.79","5.66","0.1","12938"
"Brett Martin","Rangers","0","1","0","0","5.72","2","2","9.0","10","6","2","6","5","1.67","5.89","4.92","5.78","0.0","sa828879"
"Andrew Faulkner","Orioles","2","3","0","0","5.66","8","8","46.0","49","29","8","37","27","1.63","7.21","5.18","5.83","0.0","12982"
"Alec Asher","Orioles","4","7","0","0","5.89","16","16","90.0","104","59","20","59","32","1.51","5.93","3.18","5.87","-0.1","13560"
"Adam Plutko","Indians","2","3","0","0","5.68","6","6","37.0","40","23","8","26","14","1.47","6.38","3.49","5.90","-0.1","15846"
"A.J. Griffin","Rangers","7","11","0","0","5.99","26","26","150.0","168","100","36","116","57","1.49","6.97","3.39","6.02","-0.4","11132"
"Carson Fulmer","White Sox","6","12","0","0","5.99","26","26","147.0","159","98","27","112","90","1.69","6.90","5.50","6.03","-0.5","18311"
"Logan Verrett","Orioles","2","3","0","0","6.24","8","8","45.0","53","31","10","30","21","1.64","5.96","4.15","6.17","-0.2","12905"
"Henry Owens","Red Sox","1","2","0","0","5.91","5","5","27.0","27","18","5","23","21","1.73","7.71","6.77","6.23","-0.2","13143"
"Jonathan Hernandez","Rangers","0","1","0","0","6.44","2","2","9.0","11","7","2","6","6","1.79","5.43","5.53","6.36","-0.1","sa737482"
