"PlayerName","Team","POS","ADP","IP","mW","mSV","mERA","mWHIP","mSO","PTS","aPOS","Dollars"
"Clayton Kershaw","Dodgers","SP","4.4","211","$51.4","($14.3)","$95.8","$94.5","$49.2","$276.6","$67.3","$344.9"
"Chris Sale","Red Sox","SP","19.9","192","$40.4","($14.3)","$51.7","$81.3","$48.8","$207.9","$67.3","$276.3"
"Max Scherzer","Nationals","SP","12.7","210","$40.4","($14.3)","$38.0","$66.4","$55.8","$186.3","$67.3","$254.6"
"Noah Syndergaard","Mets","SP","17.7","196","$29.5","($14.3)","$58.5","$63.5","$45.9","$183.1","$67.3","$251.4"
"Corey Kluber","Indians","SP","24.5","194","$35.0","($14.3)","$47.1","$60.6","$41.4","$169.7","$67.3","$238.0"
"Stephen Strasburg","Nationals","SP","53.7","198","$35.0","($14.3)","$29.8","$36.9","$42.2","$129.5","$67.3","$197.8"
"Chris Archer","Rays","SP","50.5","199","$29.5","($14.3)","$31.5","$33.4","$41.4","$121.4","$67.3","$189.7"
"Jacob deGrom","Mets","SP","61.0","203","$29.5","($14.3)","$30.2","$33.4","$41.8","$120.5","$67.3","$188.8"
"Jose Quintana","Cubs","SP","97.2","199","$40.4","($14.3)","$31.5","$25.5","$31.9","$115.0","$67.3","$183.3"
"Luis Severino","Yankees","SP","333.1","198","$35.0","($14.3)","$17.8","$25.0","$40.5","$104.0","$67.3","$172.3"
"Carlos Carrasco","Indians","SP","59.9","178","$29.5","($14.3)","$24.1","$31.1","$27.4","$97.7","$67.3","$166.0"
"Madison Bumgarner","Giants","SP","14.3","210","$24.0","($14.3)","$6.0","$26.9","$31.5","$74.1","$67.3","$142.4"
"Justin Verlander","Astros","SP","43.5","206","$40.4","($14.3)","($12.8)","$15.1","$44.7","$73.1","$67.3","$141.4"
"Kenley Jansen","Dodgers","RP","54.0","65","($19.8)","$43.5","$29.6","$39.5","($13.8)","$79.0","$60.6","$140.5"
"Craig Kimbrel","Red Sox","RP","87.1","65","($19.8)","$43.5","$33.6","$29.6","($9.7)","$77.2","$60.6","$138.8"
"James Paxton","Mariners","SP","158.0","176","$24.0","($14.3)","$20.7","$10.4","$22.4","$63.2","$67.3","$131.5"
"Jeff Samardzija","Giants","SP","196.1","205","$24.0","($14.3)","$1.6","$22.5","$25.7","$59.5","$67.3","$127.8"
"Robbie Ray","Diamondbacks","SP","201.8","168","$24.0","($14.3)","$11.2","$0.6","$34.8","$56.2","$67.3","$124.6"
"Yu Darvish","","SP","36.7","179","$24.0","($14.3)","($2.3)","$15.8","$32.3","$55.5","$67.3","$123.8"
"David Price","Red Sox","SP","116.2","177","$29.5","($14.3)","($1.6)","$18.8","$22.0","$54.3","$67.3","$122.6"
"Zack Greinke","Diamondbacks","SP","99.4","205","$29.5","($14.3)","($2.5)","$10.6","$30.2","$53.6","$67.3","$121.9"
"Aroldis Chapman","Yankees","RP","52.3","65","($19.8)","$43.5","$25.6","$17.7","($12.2)","$54.9","$60.6","$116.5"
"Aaron Nola","Phillies","SP","191.5","180","$18.5","($14.3)","$3.4","$12.3","$25.7","$45.7","$67.3","$114.0"
"Masahiro Tanaka","Yankees","SP","75.7","196","$29.5","($14.3)","($13.6)","$16.1","$26.1","$43.8","$67.3","$112.1"
"Jon Lester","Cubs","SP","34.2","198","$35.0","($14.3)","($6.3)","($0.7)","$27.0","$40.7","$67.3","$109.0"
"Felipe Rivero","Pirates","RP","608.9","65","($19.8)","$43.5","$25.6","$11.8","($18.3)","$42.8","$60.6","$104.4"
"Carlos Martinez","Cardinals","SP","60.5","205","$29.5","($14.3)","$5.6","($19.0)","$33.1","$34.9","$67.3","$103.2"
"Ken Giles","Astros","RP","111.2","65","($19.8)","$43.5","$17.6","$13.8","($15.9)","$39.2","$60.6","$100.8"
"Rich Hill","Dodgers","SP","130.1","141","$13.1","($14.3)","$9.7","$9.2","$14.2","$31.8","$67.3","$100.1"
"Edwin Diaz","Mariners","RP","88.7","65","($19.8)","$43.5","$17.6","$13.8","($16.7)","$38.4","$60.6","$100.0"
"Sean Doolittle","Nationals","RP","391.0","65","($19.8)","$43.5","$13.6","$17.7","($19.2)","$35.9","$60.6","$97.4"
"Luke Weaver","Cardinals","SP","327.7","160","$18.5","($14.3)","$1.7","$6.6","$15.4","$27.9","$67.3","$96.2"
"Corey Knebel","Brewers","RP","383.8","65","($25.2)","$43.5","$17.6","$7.9","($13.0)","$30.7","$60.6","$92.3"
"Gerrit Cole","Pirates","SP","104.7","200","$24.0","($14.3)","($10.9)","($3.6)","$26.5","$21.7","$67.3","$90.0"
"Justin Wilson","Cubs","RP","759.5","65","($19.8)","$43.5","$17.6","$3.9","($17.5)","$27.7","$60.6","$89.3"
"Dallas Keuchel","Astros","SP","133.2","204","$40.4","($14.3)","$3.9","($29.3)","$19.5","$20.2","$67.3","$88.5"
"Alex Wood","Dodgers","SP","355.5","140","$13.1","($14.3)","$16.0","$0.8","$4.3","$19.9","$67.3","$88.2"
"Danny Salazar","Indians","SP","119.0","119","$2.1","($14.3)","$12.6","$10.4","$8.8","$19.6","$67.3","$87.9"
"Roberto Osuna","Blue Jays","RP","99.7","65","($19.8)","$43.5","$5.6","$15.8","($20.0)","$25.1","$60.6","$86.6"
"Andrew Miller","Indians","RP","128.0","65","($19.8)","($1.9)","$33.6","$25.6","($13.4)","$24.2","$60.6","$85.7"
"Blake Snell","Rays","SP","234.3","184","$24.0","($14.3)","$2.2","($29.2)","$27.4","$10.0","$67.3","$78.3"
"Raisel Iglesias","Reds","RP","198.6","65","($25.2)","$43.5","$9.6","$7.9","($19.2)","$16.5","$60.6","$78.1"
"Brad Hand","Padres","RP","531.8","65","($25.2)","$43.5","$13.6","$3.9","($19.6)","$16.2","$60.6","$77.7"
"Cody Allen","Indians","RP","123.1","65","($19.8)","$43.5","$5.6","$3.9","($19.2)","$14.0","$60.6","$75.6"
"Lance McCullers","Astros","SP","153.1","139","$18.5","($14.3)","$6.3","($13.5)","$9.7","$6.7","$67.3","$75.0"
"Zach Britton","Orioles","RP","64.1","65","($19.8)","$43.5","$21.6","($7.9)","($24.5)","$12.9","$60.6","$74.4"
"Tyler Lyons","Cardinals","RP","847.2","74","($19.8)","$43.5","$0.7","$2.3","($20.0)","$6.8","$60.6","$68.4"
"Mark Melancon","Giants","RP","83.9","65","($25.2)","$43.5","$13.6","$1.9","($27.4)","$6.4","$60.6","$67.9"
"Jameson Taillon","Pirates","SP","152.6","160","$13.1","($14.3)","($6.3)","($7.3)","$9.7","($5.2)","$67.3","$63.2"
"Charlie Morton","Astros","SP","395.5","148","$18.5","($14.3)","($6.5)","($15.1)","$10.9","($6.5)","$67.3","$61.8"
"Luiz Gohara","Braves","SP","999.0","157","$13.1","($14.3)","$0.6","($26.5)","$19.5","($7.6)","$67.3","$60.8"
"Kenta Maeda","Dodgers","SP","106.5","135","$7.6","($14.3)","($12.5)","$8.3","$3.1","($7.8)","$67.3","$60.5"
"Alex Colome","Rays","RP","121.3","65","($25.2)","$43.5","$5.6","$0.0","($25.3)","($1.6)","$60.6","$60.0"
"Garrett Richards","Angels","SP","217.1","145","$13.1","($14.3)","$4.4","($16.5)","$3.9","($9.4)","$67.3","$58.9"
"Chad Green","Yankees","SP","999.0","92","($8.8)","($12.3)","$7.1","$11.1","($7.2)","($10.1)","$67.3","$58.2"
"Kyle Hendricks","Cubs","SP","70.7","173","$24.0","($14.3)","($16.4)","($12.8)","$8.4","($11.1)","$67.3","$57.2"
"Arodys Vizcaino","Braves","RP","332.6","65","($25.2)","$43.5","$1.6","($6.0)","($20.0)","($6.1)","$60.6","$55.4"
"Cam Bedrosian","Angels","RP","216.4","65","($25.2)","$43.5","$1.6","($6.0)","($22.9)","($9.0)","$60.6","$52.5"
"Jon Gray","Rockies","SP","172.7","193","$24.0","($14.3)","($34.7)","($22.8)","$31.9","($16.0)","$67.3","$52.3"
"Kelvin Herrera","Royals","RP","115.6","65","($25.2)","$43.5","($2.4)","($2.0)","($24.1)","($10.3)","$60.6","$51.3"
"Jeurys Familia","Mets","RP","130.9","65","($25.2)","$43.5","$5.6","($9.9)","($24.5)","($10.6)","$60.6","$51.0"
"Michael Wacha","Cardinals","SP","293.7","167","$18.5","($14.3)","($14.5)","($19.7)","$12.5","($17.4)","$67.3","$50.9"
"Trevor Hildenberger","Twins","RP","999.0","65","($25.2)","$43.5","$1.6","($4.0)","($27.0)","($11.2)","$60.6","$50.4"
"Hector Neris","Phillies","RP","226.4","65","($25.2)","$43.5","($6.4)","($2.0)","($21.2)","($11.4)","$60.6","$50.1"
"Marcus Stroman","Blue Jays","SP","124.8","202","$29.5","($14.3)","($15.5)","($36.2)","$17.1","($19.5)","$67.3","$48.8"
"Hyun-Jin Ryu","Dodgers","SP","347.1","141","$13.1","($14.3)","($10.3)","($10.6)","($0.2)","($22.4)","$67.3","$45.9"
"Shane Greene","Tigers","RP","871.6","65","($25.2)","$43.5","($2.4)","($7.9)","($24.5)","($16.7)","$60.6","$44.9"
"Ryan Madson","Nationals","RP","254.9","65","($19.8)","($1.9)","$17.6","$7.9","($22.5)","($18.7)","$60.6","$42.9"
"Trevor Bauer","Indians","SP","267.4","171","$18.5","($14.3)","($27.8)","($21.7)","$18.7","($26.5)","$67.3","$41.8"
"Dellin Betances","Yankees","RP","201.3","55","($25.2)","($10.2)","$20.7","$10.9","($17.5)","($21.3)","$60.6","$40.3"
"Blake Parker","Angels","RP","1002.9","65","($19.8)","($1.9)","$9.6","$9.8","($20.8)","($23.1)","$60.6","$38.5"
"Brad Boxberger","Diamondbacks","RP","608.1","65","($25.2)","$43.5","($10.4)","($11.9)","($20.8)","($24.9)","$60.6","$36.7"
"Johnny Cueto","Giants","SP","38.7","137","$2.1","($14.3)","($9.1)","($8.5)","($3.5)","($33.3)","$67.3","$35.0"
"Carl Edwards Jr.","Cubs","RP","467.0","65","($19.8)","($1.9)","$13.6","($6.0)","($15.9)","($29.9)","$60.6","$31.6"
"Jake Arrieta","","SP","27.7","177","$18.5","($14.3)","($29.7)","($24.7)","$13.4","($36.8)","$67.3","$31.5"
"Luis Castillo","Reds","SP","999.0","112","($3.3)","($14.3)","($11.2)","($4.9)","($5.6)","($39.3)","$67.3","$29.0"
"Rick Porcello","Red Sox","SP","96.2","182","$18.5","($14.3)","($49.3)","($6.5)","$11.7","($39.8)","$67.3","$28.5"
"Michael Pineda","","SP","195.9","74","($14.3)","($14.3)","$0.7","$8.3","($21.2)","($40.8)","$67.3","$27.5"
"Alex Claudio","Rangers","RP","884.9","65","($25.2)","$43.5","($6.4)","($15.8)","($31.5)","($35.6)","$60.6","$26.0"
"Santiago Casilla","Athletics","RP","463.2","65","($25.2)","$43.5","($14.5)","($13.9)","($26.6)","($36.7)","$60.6","$24.9"
"Chris Devenski","Astros","RP","319.4","65","($19.8)","($1.9)","($2.4)","$7.9","($21.2)","($37.5)","$60.6","$24.1"
"Archie Bradley","Diamondbacks","RP","360.4","65","($25.2)","($1.9)","$9.6","$0.0","($20.8)","($38.4)","$60.6","$23.1"
"Alex Reyes","Cardinals","SP","809.0","92","($8.8)","($14.3)","($0.9)","($14.6)","($6.8)","($45.5)","$67.3","$22.9"
"David Robertson","Yankees","RP","147.0","65","($25.2)","($1.9)","$5.6","$1.9","($19.2)","($38.8)","$60.6","$22.7"
"Wei-Yin Chen","Marlins","SP","327.0","110","($3.3)","($14.3)","($14.6)","$0.1","($13.4)","($45.6)","$67.3","$22.7"
"Tyler Skaggs","Angels","SP","309.8","154","$13.1","($14.3)","($28.5)","($22.0)","$5.5","($46.2)","$67.3","$22.1"
"Brett Cecil","Cardinals","RP","674.3","65","($25.2)","($1.9)","$9.6","$1.9","($24.1)","($39.8)","$60.6","$21.8"
"Matt Shoemaker","Angels","SP","205.2","139","$7.6","($14.3)","($33.7)","($5.6)","($1.0)","($47.1)","$67.3","$21.2"
"Danny Duffy","Royals","SP","94.6","180","$13.1","($14.3)","($40.6)","($19.3)","$13.4","($47.8)","$67.3","$20.5"
"Gio Gonzalez","Nationals","SP","271.4","193","$24.0","($14.3)","($30.7)","($46.5)","$19.5","($48.0)","$67.3","$20.3"
"Michael Fulmer","Tigers","SP","131.7","185","$18.5","($14.3)","($36.2)","($26.7)","$9.7","($49.0)","$67.3","$19.3"
"Drew Pomeranz","Red Sox","SP","227.6","165","$18.5","($14.3)","($33.9)","($34.5)","$15.0","($49.1)","$67.3","$19.2"
"Hector Rondon","Cubs","RP","352.1","55","($25.2)","($10.2)","$8.7","$8.9","($25.7)","($43.5)","$60.6","$18.0"
"Andrew Heaney","Angels","SP","947.9","149","$7.6","($14.3)","($32.9)","($14.6)","$3.5","($50.7)","$67.3","$17.6"
"Joe Musgrove","Astros","RP","274.4","55","($25.2)","($8.1)","$4.7","$10.9","($28.2)","($46.0)","$60.6","$15.6"
"J.A. Happ","Blue Jays","SP","182.1","190","$24.0","($14.3)","($51.8)","($30.2)","$18.7","($53.6)","$67.3","$14.7"
"Pedro Strop","Cubs","RP","590.4","55","($25.2)","($8.1)","$12.7","($1.0)","($25.3)","($46.9)","$60.6","$14.6"
"Sonny Gray","Yankees","SP","279.5","195","$24.0","($14.3)","($39.4)","($43.6)","$19.5","($53.7)","$67.3","$14.6"
"Mike Minor","","RP","863.1","65","($25.2)","($14.3)","$5.6","$5.9","($20.0)","($48.1)","$60.6","$13.5"
"Kirby Yates","Padres","RP","999.0","55","($25.2)","($8.1)","$4.7","$3.0","($22.5)","($48.1)","$60.6","$13.5"
"Wade Davis","","RP","91.9","65","($25.2)","($14.3)","$9.6","$1.9","($20.4)","($48.4)","$60.6","$13.1"
"Brad Ziegler","Marlins","RP","498.5","65","($25.2)","$43.5","($6.4)","($27.7)","($33.6)","($49.5)","$60.6","$12.1"
"Tyler Glasnow","Pirates","SP","268.2","94","($8.8)","($14.3)","($5.6)","($21.5)","($6.4)","($56.6)","$67.3","$11.7"
"Anthony Banda","Diamondbacks","SP","920.8","110","($3.3)","($14.3)","($14.6)","($19.7)","($5.6)","($57.5)","$67.3","$10.8"
"Jose De Leon","Rays","SP","339.7","137","$2.1","($14.3)","($33.1)","($18.4)","$5.5","($58.2)","$67.3","$10.1"
"Tommy Kahnle","Yankees","RP","999.0","55","($25.2)","($8.1)","$4.7","($1.0)","($22.9)","($52.5)","$60.6","$9.1"
"Drew Steckenrider","Marlins","RP","999.0","55","($25.2)","($8.1)","$8.7","($2.9)","($24.9)","($52.5)","$60.6","$9.1"
"Anthony Swarzak","","RP","999.0","65","($25.2)","($14.3)","$5.6","$3.9","($22.9)","($52.9)","$60.6","$8.6"
"Brandon McCarthy","Dodgers","SP","445.0","135","$7.6","($14.3)","($28.5)","($21.4)","($4.3)","($60.9)","$67.3","$7.4"
"Jake Faria","Rays","SP","990.9","139","$2.1","($14.3)","($29.7)","($25.3)","$6.4","($60.9)","$67.3","$7.4"
"Dinelson Lamet","Padres","SP","896.0","130","($3.3)","($14.3)","($24.9)","($27.7)","$9.2","($61.1)","$67.3","$7.2"
"Phil Maton","Padres","RP","999.0","65","($25.2)","($1.9)","($2.4)","($4.0)","($22.5)","($56.1)","$60.6","$5.5"
"Tyler Anderson","Rockies","SP","318.4","192","$24.0","($14.3)","($52.4)","($41.1)","$20.8","($63.1)","$67.3","$5.3"
"Jordan Montgomery","Yankees","SP","632.5","218","$29.5","($14.3)","($64.6)","($44.3)","$30.7","($63.1)","$67.3","$5.2"
"Tanner Roark","Nationals","SP","141.1","190","$24.0","($14.3)","($43.8)","($44.0)","$14.6","($63.5)","$67.3","$4.8"
"Zack Godley","Diamondbacks","SP","864.9","113","($3.3)","($14.3)","($13.5)","($26.1)","($6.4)","($63.7)","$67.3","$4.6"
"Ross Stripling","Dodgers","RP","791.5","55","($25.2)","($8.1)","$4.7","$1.0","($29.5)","($57.1)","$60.6","$4.5"
"Austin Pruitt","Rays","SP/RP","920.9","68","($19.8)","($14.3)","($5.4)","$3.4","($27.8)","($63.9)","$67.3","$4.4"
"Joe Kelly","Red Sox","RP","658.5","55","($25.2)","($8.1)","$4.7","($2.9)","($27.0)","($58.5)","$60.6","$3.0"
"Enny Romero","Nationals","RP","996.9","55","($25.2)","($10.2)","$4.7","($2.9)","($24.9)","($58.6)","$60.6","$3.0"
"Blake Treinen","Athletics","RP","270.6","65","($25.2)","($1.9)","$5.6","($11.9)","($25.3)","($58.8)","$60.6","$2.7"
"Keone Kela","Rangers","RP","753.0","55","($25.2)","($10.2)","$0.7","($1.0)","($23.3)","($58.9)","$60.6","$2.6"
"Jose Berrios","Twins","SP","333.4","169","$18.5","($14.3)","($55.2)","($30.5)","$14.6","($66.9)","$67.3","$1.4"
"Joe Smith","","RP","905.8","65","($25.2)","($14.3)","$5.6","($2.0)","($24.5)","($60.5)","$60.6","$1.1"
"Tommy Hunter","","RP","1009.9","65","($25.2)","($14.3)","$1.6","$1.9","($24.5)","($60.6)","$60.6","$1.0"
"Brent Honeywell","Rays","SP","602.2","57","($25.2)","($14.3)","($3.9)","$4.0","($27.8)","($67.3)","$67.3","$1.0"
"Nick Goody","Indians","RP","904.9","55","($25.2)","($8.1)","($3.3)","$1.0","($25.3)","($61.0)","$60.6","$0.6"
"Liam Hendriks","Athletics","RP","789.9","55","($25.2)","($10.2)","$0.7","$1.0","($27.4)","($61.1)","$60.6","$0.5"
"Jacob Barnes","Brewers","RP","813.1","65","($25.2)","($1.9)","($2.4)","($9.9)","($21.6)","($61.2)","$60.6","$0.4"
"Francisco Liriano","","RP","267.0","65","($25.2)","($14.3)","$5.6","($6.0)","($21.2)","($61.2)","$60.6","$0.4"
"Tony Cingrani","Dodgers","RP","644.7","65","($25.2)","($1.9)","($2.4)","($9.9)","($22.0)","($61.6)","$60.6","$0.0"
"Josh Hader","Brewers","RP","433.0","55","($25.2)","($10.2)","$0.7","($4.9)","($22.0)","($61.7)","$60.6","($0.1)"
"Juan Minaya","White Sox","RP","999.0","65","($25.2)","$43.5","($30.5)","($23.7)","($25.7)","($61.7)","$60.6","($0.2)"
"Will Harris","Astros","RP","381.4","55","($25.2)","($10.2)","$0.7","$1.0","($28.2)","($61.9)","$60.6","($0.3)"
"Bryan Shaw","","RP","747.8","65","($25.2)","($14.3)","$5.6","($4.0)","($24.1)","($62.1)","$60.6","($0.5)"
"Brandon Morrow","","RP","999.0","65","($25.2)","($14.3)","$1.6","$0.0","($24.1)","($62.1)","$60.6","($0.6)"
"Jack Flaherty","Cardinals","SP","806.9","119","($3.3)","($14.3)","($23.4)","($21.2)","($6.8)","($69.1)","$67.3","($0.8)"
"Juan Nicasio","","RP","615.5","65","($25.2)","($14.3)","$1.6","($2.0)","($22.5)","($62.5)","$60.6","($0.9)"
"Andrew Chafin","Diamondbacks","RP","999.0","55","($25.2)","($8.1)","$4.7","($6.9)","($27.0)","($62.5)","$60.6","($0.9)"
"David Phelps","Mariners","RP","338.8","55","($25.2)","($8.1)","$0.7","($2.9)","($27.0)","($62.6)","$60.6","($1.0)"
"Dillon Peters","Marlins","SP","999.0","128","$2.1","($14.3)","($12.3)","($34.6)","($10.5)","($69.6)","$67.3","($1.3)"
"Mychal Givens","Orioles","RP","598.7","55","($25.2)","($8.1)","($3.3)","($1.0)","($25.3)","($62.9)","$60.6","($1.4)"
"Luke Gregerson","","RP","446.6","65","($25.2)","($14.3)","$1.6","$0.0","($24.9)","($63.0)","$60.6","($1.4)"
"Josh Fields","Dodgers","RP","999.0","45","($30.7)","($12.3)","$3.9","$6.0","($30.7)","($63.7)","$60.6","($2.2)"
"Koda Glover","Nationals","RP","358.1","55","($25.2)","($8.1)","$0.7","($2.9)","($28.2)","($63.8)","$60.6","($2.2)"
"Kyle Barraclough","Marlins","RP","304.9","65","($25.2)","($1.9)","$1.6","($17.8)","($20.4)","($63.8)","$60.6","($2.2)"
"Jake McGee","","RP","699.1","65","($25.2)","($14.3)","($2.4)","$0.0","($22.9)","($64.9)","$60.6","($3.3)"
"Pat Neshek","","RP","834.4","65","($25.2)","($14.3)","($6.4)","$5.9","($24.9)","($65.0)","$60.6","($3.5)"
"Greg Holland","","RP","271.4","65","($25.2)","($14.3)","$1.6","($6.0)","($21.2)","($65.2)","$60.6","($3.6)"
"James Pazos","Mariners","RP","999.0","55","($25.2)","($10.2)","$4.7","($8.9)","($25.7)","($65.3)","$60.6","($3.7)"
"Jerry Blevins","Mets","RP","902.9","55","($25.2)","($10.2)","$0.7","($4.9)","($26.2)","($65.8)","$60.6","($4.2)"
"Mike Clevinger","Indians","SP","695.5","169","$18.5","($14.3)","($51.2)","($44.4)","$18.3","($73.0)","$67.3","($4.7)"
"Zac Rosscup","","RP","999.0","65","($25.2)","($14.3)","($2.4)","($4.0)","($20.4)","($66.4)","$60.6","($4.8)"
"Chad Kuhl","Pirates","SP","376.4","160","$13.1","($14.3)","($38.4)","($40.8)","$7.2","($73.2)","$67.3","($4.9)"
"Clayton Richard","Padres","SP","813.5","171","$7.6","($14.3)","($15.8)","($51.3)","$0.2","($73.6)","$67.3","($5.3)"
"Pedro Baez","Dodgers","RP","616.3","55","($25.2)","($10.2)","($3.3)","($1.0)","($27.4)","($67.1)","$60.6","($5.5)"
"Tyler Duffey","Twins","RP","703.2","55","($25.2)","($8.1)","($3.3)","($1.0)","($30.3)","($67.9)","$60.6","($6.3)"
"Sean Newcomb","Braves","SP","848.5","157","$7.6","($14.3)","($23.4)","($64.0)","$19.1","($75.0)","$67.3","($6.7)"
"Carson Smith","Red Sox","RP","895.4","65","($25.2)","($1.9)","($2.4)","($13.9)","($24.9)","($68.4)","$60.6","($6.8)"
"Mike Dunn","Rockies","RP","856.1","65","($25.2)","$43.5","($34.5)","($27.7)","($24.5)","($68.4)","$60.6","($6.9)"
"Joakim Soria","Royals","RP","603.5","55","($25.2)","($10.2)","$0.7","($4.9)","($29.0)","($68.7)","$60.6","($7.1)"
"A.J. Ramos","Mets","RP","140.1","65","($25.2)","($1.9)","($6.4)","($13.9)","($21.2)","($68.7)","$60.6","($7.1)"
"Patrick Corbin","Diamondbacks","SP","407.5","129","$2.1","($14.3)","($26.6)","($32.2)","($4.8)","($75.7)","$67.3","($7.4)"
"Koji Uehara","","RP","625.0","65","($25.2)","($14.3)","($10.4)","$3.9","($23.3)","($69.4)","$60.6","($7.8)"
"Hunter Strickland","Giants","RP","383.0","55","($25.2)","($8.1)","$0.7","($6.9)","($29.9)","($69.4)","$60.6","($7.8)"
"Dan Straily","Marlins","SP","304.9","192","$18.5","($14.3)","($64.5)","($35.2)","$19.1","($76.3)","$67.3","($8.0)"
"Bud Norris","","RP","912.8","65","($25.2)","($14.3)","($2.4)","($4.0)","($23.7)","($69.7)","$60.6","($8.1)"
"Taylor Rogers","Twins","RP","956.0","65","($25.2)","($1.9)","($6.4)","($9.9)","($27.0)","($70.5)","$60.6","($8.9)"
"Kevin Shackelford","Reds","RP","999.0","55","($25.2)","($10.2)","$0.7","($8.9)","($27.0)","($70.5)","$60.6","($9.0)"
"Zack Wheeler","Mets","SP","341.6","134","$2.1","($14.3)","($30.2)","($35.7)","$0.6","($77.4)","$67.3","($9.1)"
"Addison Reed","","RP","255.2","65","($25.2)","($14.3)","($6.4)","$0.0","($24.9)","($71.0)","$60.6","($9.4)"
"Ivan Nova","Pirates","SP","248.8","172","$13.1","($14.3)","($46.1)","($31.1)","$0.6","($77.8)","$67.3","($9.5)"
"James Hoyt","Astros","RP","928.5","40","($30.7)","($14.3)","$3.4","$1.6","($31.5)","($71.5)","$60.6","($9.9)"
"Kevin Gausman","Orioles","SP","135.3","192","$24.0","($14.3)","($68.5)","($41.1)","$21.6","($78.3)","$67.3","($9.9)"
"Michael Feliz","Astros","RP","634.6","45","($30.7)","($12.3)","($0.1)","$0.1","($28.6)","($71.6)","$60.6","($10.0)"
"Ryan Tepera","Blue Jays","RP","999.0","65","($25.2)","($1.9)","($10.4)","($9.9)","($24.1)","($71.6)","$60.6","($10.1)"
"Nick Pivetta","Phillies","SP","957.9","167","$7.6","($14.3)","($50.6)","($37.4)","$16.2","($78.5)","$67.3","($10.2)"
"Matt Moore","Giants","SP","173.3","178","$13.1","($14.3)","($48.0)","($40.0)","$10.5","($78.8)","$67.3","($10.5)"
"Felix Hernandez","Mariners","SP","120.7","162","$13.1","($14.3)","($43.0)","($39.9)","$5.1","($79.0)","$67.3","($10.7)"
"Brad Brach","Orioles","RP","349.9","65","($25.2)","($1.9)","($10.4)","($11.9)","($22.9)","($72.4)","$60.6","($10.8)"
"Taijuan Walker","Diamondbacks","SP","235.3","189","$18.5","($14.3)","($61.5)","($40.6)","$18.7","($79.1)","$67.3","($10.8)"
"Michael Lorenzen","Reds","RP","377.1","65","($25.2)","($1.9)","($6.4)","($13.9)","($25.3)","($72.8)","$60.6","($11.2)"
"Jesse Chavez","","RP","684.1","65","($25.2)","($14.3)","($6.4)","($2.0)","($25.3)","($73.4)","$60.6","($11.8)"
"Paul Sewald","Mets","RP","999.0","55","($25.2)","($8.1)","($7.3)","($4.9)","($28.2)","($73.8)","$60.6","($12.2)"
"Darren O'Day","Orioles","RP","496.8","55","($25.2)","($10.2)","($7.3)","($4.9)","($26.2)","($73.8)","$60.6","($12.2)"
"Jimmy Nelson","Brewers","SP","564.2","94","($14.3)","($14.3)","($21.6)","($17.6)","($13.0)","($80.7)","$67.3","($12.4)"
"Daniel Winkler","Braves","RP","999.0","55","($25.2)","($10.2)","($3.3)","($8.9)","($26.6)","($74.1)","$60.6","($12.6)"
"Daniel Hudson","Pirates","RP","417.4","65","($25.2)","($1.9)","($6.4)","($15.8)","($24.9)","($74.4)","$60.6","($12.8)"
"Dan Jennings","Rays","RP","1032.9","65","($25.2)","($1.9)","$1.6","($19.8)","($29.0)","($74.4)","$60.6","($12.9)"
"Edubray Ramos","Phillies","RP","792.2","55","($25.2)","($8.1)","($7.3)","($6.9)","($27.0)","($74.5)","$60.6","($13.0)"
"Sean Manaea","Athletics","SP","189.1","173","$13.1","($14.3)","($48.5)","($40.4)","$8.8","($81.3)","$67.3","($13.0)"
"Luis Garcia","Phillies","RP","999.0","65","($25.2)","($1.9)","($2.4)","($19.8)","($25.3)","($74.7)","$60.6","($13.2)"
"Sam Dyson","Giants","RP","163.9","65","($25.2)","($1.9)","$1.6","($19.8)","($29.9)","($75.3)","$60.6","($13.7)"
"Cory Gearrin","Giants","RP","903.9","55","($25.2)","($10.2)","$0.7","($10.8)","($29.9)","($75.4)","$60.6","($13.8)"
"Yusmeiro Petit","Athletics","RP","945.8","55","($25.2)","($8.1)","($11.3)","($1.0)","($29.9)","($75.5)","$60.6","($13.9)"
"Brad Peacock","Astros","SP","847.8","135","$7.6","($14.3)","($48.5)","($33.2)","$6.0","($82.5)","$67.3","($14.2)"
"Adam Morgan","Phillies","RP","939.4","64","($25.2)","($10.2)","($12.1)","($2.5)","($25.7)","($75.8)","$60.6","($14.2)"
"Boone Logan","Indians","RP","902.3","40","($30.7)","($14.3)","$3.4","($2.3)","($31.9)","($75.8)","$60.6","($14.3)"
"Keynan Middleton","Angels","RP","813.9","55","($25.2)","($8.1)","($7.3)","($6.9)","($28.6)","($76.2)","$60.6","($14.6)"
"Nick Tropeano","Angels","SP","874.2","100","($8.8)","($14.3)","($27.5)","($18.6)","($13.8)","($83.0)","$67.3","($14.7)"
"Matt Albers","","RP","999.0","65","($25.2)","($14.3)","($2.4)","($7.9)","($26.6)","($76.5)","$60.6","($14.9)"
"John Brebbia","Cardinals","RP","999.0","55","($25.2)","($8.1)","($11.3)","($2.9)","($29.5)","($77.0)","$60.6","($15.5)"
"Jimmie Sherfy","Diamondbacks","RP","999.0","45","($30.7)","($12.3)","($0.1)","($3.8)","($30.3)","($77.2)","$60.6","($15.6)"
"Alex Cobb","","SP","270.8","133","$2.1","($14.3)","($35.9)","($26.3)","($9.7)","($84.0)","$67.3","($15.7)"
"Jaime Garcia","","SP","347.9","168","$13.1","($14.3)","($36.9)","($50.8)","$4.3","($84.6)","$67.3","($16.3)"
"Andrew Kittredge","Rays","RP","999.0","45","($30.7)","($12.3)","($0.1)","($1.9)","($33.2)","($78.1)","$60.6","($16.6)"
"Wandy Peralta","Reds","RP","999.0","55","($25.2)","($8.1)","($3.3)","($12.8)","($29.0)","($78.5)","$60.6","($16.9)"
"Aaron Loup","Blue Jays","RP","939.9","55","($25.2)","($10.2)","($3.3)","($10.8)","($29.0)","($78.6)","$60.6","($17.0)"
"Josh Smoker","Mets","RP","967.8","40","($30.7)","($14.3)","$3.4","($4.3)","($32.7)","($78.6)","$60.6","($17.1)"
"Chris Rusin","Rockies","RP","937.3","55","($25.2)","($10.2)","($3.3)","($8.9)","($31.1)","($78.7)","$60.6","($17.1)"
"Sam Freeman","Braves","RP","999.0","55","($25.2)","($8.1)","$0.7","($18.7)","($27.8)","($79.2)","$60.6","($17.6)"
"Matt Andriese","Rays","SP","361.3","47","($25.2)","($14.3)","($8.8)","($2.9)","($35.2)","($86.4)","$67.3","($18.1)"
"John Gant","Cardinals","SP","995.9","86","($14.3)","($14.3)","($19.1)","($19.5)","($19.6)","($86.7)","$67.3","($18.4)"
"Brandon Maurer","Royals","RP","230.7","65","($25.2)","($1.9)","($14.5)","($11.9)","($27.0)","($80.5)","$60.6","($18.9)"
"Brock Stewart","Dodgers","RP","686.5","39","($30.7)","($14.3)","($2.3)","$1.2","($34.4)","($80.5)","$60.6","($19.0)"
"Mike Montgomery","Cubs","SP","311.1","166","$18.5","($14.3)","($32.2)","($63.6)","$4.3","($87.3)","$67.3","($19.0)"
"Ryan Pressly","Twins","RP","771.2","55","($25.2)","($10.2)","($7.3)","($8.9)","($29.0)","($80.6)","$60.6","($19.0)"
"Nick Vincent","Mariners","RP","800.3","65","($25.2)","($1.9)","($18.5)","($7.9)","($27.4)","($81.0)","$60.6","($19.4)"
"CC Sabathia","","SP","379.5","138","$2.1","($14.3)","($35.4)","($37.7)","($3.1)","($88.4)","$67.3","($20.1)"
"Jose Alvarez","Angels","RP","999.0","45","($30.7)","($12.3)","($0.1)","($3.8)","($34.8)","($81.7)","$60.6","($20.2)"
"Oliver Perez","","RP","978.9","65","($25.2)","($14.3)","($10.4)","($9.9)","($22.0)","($82.0)","$60.6","($20.4)"
"Erick Fedde","Nationals","SP","819.5","92","($8.8)","($14.3)","($21.0)","($24.5)","($20.8)","($89.4)","$67.3","($21.0)"
"Steven Brault","Pirates","SP","706.5","81","($14.3)","($14.3)","($15.5)","($23.9)","($21.6)","($89.6)","$67.3","($21.3)"
"German Marquez","Rockies","SP","787.3","186","$18.5","($14.3)","($70.6)","($42.0)","$18.7","($89.7)","$67.3","($21.4)"
"Luke Hochevar","","RP","828.4","65","($25.2)","($14.3)","($14.5)","($6.0)","($23.3)","($83.3)","$60.6","($21.7)"
"Jose Torres","Padres","RP","999.0","55","($30.7)","($10.2)","($7.3)","($6.9)","($28.2)","($83.3)","$60.6","($21.7)"
"Seung Hwan Oh","","RP","76.5","65","($25.2)","($14.3)","($14.5)","($4.0)","($25.3)","($83.3)","$60.6","($21.8)"
"Carlos Rodon","White Sox","SP","198.0","112","($8.8)","($14.3)","($31.3)","($30.6)","($5.6)","($90.5)","$67.3","($22.2)"
"Anibal Sanchez","","SP","569.9","161","$7.6","($14.3)","($60.7)","($30.5)","$7.2","($90.7)","$67.3","($22.4)"
"Sergio Romo","","RP","647.6","65","($25.2)","($14.3)","($14.5)","($6.0)","($25.3)","($85.3)","$60.6","($23.7)"
"Justin Grimm","Cubs","RP","987.4","45","($30.7)","($12.3)","($4.2)","($7.8)","($30.7)","($85.6)","$60.6","($24.0)"
"Trevor Cahill","","RP","799.2","65","($25.2)","($14.3)","($6.4)","($15.8)","($24.5)","($86.4)","$60.6","($24.8)"
"Jake Odorizzi","Rays","SP","185.7","137","$2.1","($14.3)","($53.1)","($26.3)","($1.5)","($93.1)","$67.3","($24.8)"
"Matt Barnes","Red Sox","RP","836.8","45","($30.7)","($12.3)","($4.2)","($7.8)","($31.5)","($86.4)","$60.6","($24.8)"
"Mike Foltynewicz","Braves","SP","285.6","150","$2.1","($14.3)","($51.2)","($35.8)","$6.0","($93.3)","$67.3","($25.0)"
"Danny Barnes","Blue Jays","RP","951.9","55","($25.2)","($8.1)","($19.3)","($4.9)","($29.0)","($86.6)","$60.6","($25.1)"
"Jakob Junis","Royals","SP","999.0","171","$7.6","($14.3)","($67.9)","($25.6)","$6.8","($93.4)","$67.3","($25.1)"
"Ryan Carpenter","Tigers","SP","999.0","85","($14.3)","($14.3)","($28.8)","($14.0)","($22.0)","($93.4)","$67.3","($25.1)"
"Jake Diekman","Rangers","RP","847.6","55","($25.2)","($8.1)","($7.3)","($18.7)","($27.4)","($86.8)","$60.6","($25.2)"
"Brian Duensing","","RP","999.0","65","($25.2)","($14.3)","($6.4)","($13.9)","($27.0)","($86.8)","$60.6","($25.3)"
"Shawn Kelley","Nationals","RP","326.4","45","($30.7)","($12.3)","($8.2)","($3.8)","($31.9)","($86.9)","$60.6","($25.3)"
"Dan Otero","Indians","RP","771.6","45","($30.7)","($12.3)","($0.1)","($5.8)","($38.1)","($87.0)","$60.6","($25.4)"
"Blake Wood","Angels","RP","999.0","40","($30.7)","($14.3)","($0.6)","($6.3)","($35.2)","($87.1)","$60.6","($25.5)"
"Samuel Tuivailala","Cardinals","RP","999.0","45","($30.7)","($12.3)","($4.2)","($7.8)","($32.3)","($87.2)","$60.6","($25.7)"
"Albert Suarez","Giants","RP","877.2","53","($25.2)","($14.3)","($6.7)","($7.8)","($33.2)","($87.2)","$60.6","($25.7)"
"Matt Bush","Rangers","RP","999.0","45","($30.7)","($12.3)","($8.2)","($3.8)","($32.3)","($87.3)","$60.6","($25.7)"
"Fernando Rodney","","RP","279.1","65","($25.2)","($14.3)","($6.4)","($17.8)","($23.7)","($87.5)","$60.6","($25.9)"
"Tyler Mahle","Reds","SP","999.0","141","$2.1","($14.3)","($54.4)","($28.3)","$0.6","($94.3)","$67.3","($26.0)"
"Tyler Olson","Indians","RP","999.0","55","($25.2)","($10.2)","($11.3)","($10.8)","($30.3)","($87.8)","$60.6","($26.3)"
"Tony Barnette","","RP","890.3","65","($25.2)","($14.3)","($10.4)","($11.9)","($26.2)","($88.1)","$60.6","($26.5)"
"Dillon Maples","Cubs","RP","999.0","40","($30.7)","($14.3)","$3.4","($14.2)","($32.3)","($88.1)","$60.6","($26.5)"
"Josh Tomlin","Indians","SP","319.0","92","($8.8)","($14.3)","($41.0)","($6.7)","($24.1)","($94.9)","$67.3","($26.6)"
"Dominic Leone","Blue Jays","RP","999.0","45","($30.7)","($12.3)","($8.2)","($5.8)","($31.5)","($88.4)","$60.6","($26.9)"
"Eduardo Rodriguez","Red Sox","SP","292.9","37","($30.7)","($14.3)","($9.6)","($3.8)","($36.9)","($95.3)","$67.3","($27.0)"
"Nathan Karns","Royals","SP","397.4","91","($14.3)","($14.3)","($30.7)","($21.0)","($15.0)","($95.3)","$67.3","($27.0)"
"Jose Ramirez","Braves","RP","999.0","65","($25.2)","($1.9)","($14.5)","($23.7)","($23.3)","($88.6)","$60.6","($27.1)"
"Adam Wainwright","Cardinals","SP","222.4","171","$13.1","($14.3)","($47.8)","($47.3)","$1.0","($95.4)","$67.3","($27.1)"
"Scott Oberg","Rockies","RP","999.0","65","($25.2)","($1.9)","($14.5)","($21.8)","($25.3)","($88.7)","$60.6","($27.2)"
"Anthony DeSclafani","Reds","SP","277.0","66","($19.8)","($14.3)","($24.8)","($9.4)","($27.4)","($95.7)","$67.3","($27.4)"
"Jim Johnson","Angels","RP","227.4","55","($25.2)","($10.2)","($7.3)","($14.8)","($31.5)","($89.0)","$60.6","($27.4)"
"Scott Alexander","Royals","RP","999.0","40","($30.7)","($14.3)","$3.4","($10.2)","($37.3)","($89.1)","$60.6","($27.5)"
"Collin McHugh","Astros","SP","276.0","92","($8.8)","($14.3)","($37.0)","($16.6)","($19.2)","($95.8)","$67.3","($27.5)"
"Tony Watson","","RP","143.0","65","($25.2)","($14.3)","($10.4)","($11.9)","($27.4)","($89.3)","$60.6","($27.7)"
"Junichi Tazawa","Marlins","RP","961.5","55","($25.2)","($10.2)","($11.3)","($10.8)","($31.9)","($89.5)","$60.6","($27.9)"
"Scott Kazmir","Dodgers","SP","385.9","36","($30.7)","($14.3)","($7.3)","($6.2)","($37.7)","($96.3)","$67.3","($27.9)"
"Gabriel Moya","Twins","RP","999.0","40","($30.7)","($14.3)","($4.6)","($6.3)","($34.0)","($89.8)","$60.6","($28.3)"
"Shae Simmons","","RP","932.3","65","($25.2)","($14.3)","($6.4)","($19.8)","($24.1)","($89.9)","$60.6","($28.3)"
"Josh Osich","Giants","RP","999.0","45","($30.7)","($12.3)","($0.1)","($13.7)","($33.2)","($90.0)","$60.6","($28.4)"
"Ryan Sherriff","Cardinals","RP","999.0","40","($30.7)","($14.3)","($0.6)","($8.2)","($36.9)","($90.7)","$60.6","($29.1)"
"Steve Cishek","","RP","631.1","65","($25.2)","($14.3)","($10.4)","($15.8)","($25.7)","($91.6)","$60.6","($30.0)"
"Carter Capps","Padres","RP","320.7","45","($30.7)","($12.3)","($8.2)","($7.8)","($32.7)","($91.6)","$60.6","($30.1)"
"A.J. Schugel","Pirates","RP","907.9","55","($25.2)","($8.1)","($11.3)","($14.8)","($32.3)","($91.8)","$60.6","($30.2)"
"Rafael Montero","Mets","SP","944.9","77","($19.8)","($14.3)","($18.2)","($25.8)","($20.4)","($98.5)","$67.3","($30.2)"
"Adam Ottavino","Rockies","RP","247.3","55","($25.2)","($8.1)","($15.3)","($16.8)","($26.6)","($92.0)","$60.6","($30.4)"
"Jason Grilli","","RP","737.7","65","($25.2)","($14.3)","($18.5)","($11.9)","($22.5)","($92.4)","$60.6","($30.8)"
"Eric Skoglund","Royals","SP","999.0","77","($19.8)","($14.3)","($22.2)","($17.9)","($25.3)","($99.6)","$67.3","($31.3)"
"David Hernandez","","RP","999.0","65","($25.2)","($14.3)","($18.5)","($9.9)","($25.3)","($93.3)","$60.6","($31.7)"
"Andrew Albers","Mariners","SP","999.0","45","($25.2)","($14.3)","($16.2)","($7.8)","($36.9)","($100.4)","$67.3","($32.1)"
"Matt Bowman","Cardinals","RP","999.0","55","($25.2)","($10.2)","($7.3)","($16.8)","($34.4)","($93.9)","$60.6","($32.3)"
"Craig Stammen","Padres","RP","999.0","40","($30.7)","($14.3)","($4.6)","($8.2)","($36.5)","($94.3)","$60.6","($32.7)"
"Chris O'Grady","Marlins","SP/RP","999.0","54","($25.2)","($14.3)","($13.0)","($15.3)","($33.6)","($101.4)","$67.3","($33.1)"
"Marc Rzepczynski","Mariners","RP","999.0","45","($30.7)","($12.3)","($0.1)","($17.7)","($34.0)","($94.7)","$60.6","($33.2)"
"Zach Duke","","RP","693.2","65","($25.2)","($14.3)","($6.4)","($21.8)","($27.0)","($94.7)","$60.6","($33.2)"
"Jorge de la Rosa","","RP","915.0","65","($25.2)","($14.3)","($10.4)","($17.8)","($27.0)","($94.8)","$60.6","($33.2)"
"Chase Whitley","Rays","RP","853.1","55","($25.2)","($14.3)","($15.3)","($6.9)","($33.2)","($94.9)","$60.6","($33.3)"
"Seth Lugo","Mets","SP","412.7","137","($3.3)","($14.3)","($49.1)","($28.3)","($6.8)","($101.9)","$67.3","($33.6)"
"Daniel Stumpf","Tigers","RP","999.0","45","($30.7)","($12.3)","($8.2)","($9.8)","($34.4)","($95.3)","$60.6","($33.7)"
"Joe Biagini","Blue Jays","SP","999.0","153","$7.6","($14.3)","($50.2)","($44.2)","($1.0)","($102.2)","$67.3","($33.9)"
"Dan Altavilla","Mariners","RP","760.7","40","($30.7)","($14.3)","($8.6)","($8.2)","($34.0)","($95.8)","$60.6","($34.3)"
"Marco Gonzales","Mariners","SP","916.7","71","($19.8)","($14.3)","($24.4)","($16.9)","($27.4)","($102.7)","$67.3","($34.4)"
"Fernando Abad","","RP","1038.9","65","($25.2)","($14.3)","($14.5)","($15.8)","($26.2)","($96.0)","$60.6","($34.4)"
"Jarlin Garcia","Marlins","RP","999.0","45","($30.7)","($12.3)","($8.2)","($9.8)","($35.2)","($96.1)","$60.6","($34.5)"
"Brian Ellington","Marlins","RP","959.9","40","($30.7)","($14.3)","($4.6)","($14.2)","($32.3)","($96.1)","$60.6","($34.5)"
"Max Fried","Braves","SP","999.0","162","$7.6","($14.3)","($31.0)","($75.4)","$10.1","($103.0)","$67.3","($34.7)"
"Danny Farquhar","White Sox","RP","925.5","65","($25.2)","($1.9)","($22.5)","($21.8)","($25.3)","($96.7)","$60.6","($35.2)"
"Jesen Therrien","Phillies","RP","999.0","45","($30.7)","($12.3)","($8.2)","($11.7)","($34.0)","($96.8)","$60.6","($35.3)"
"Alex Wilson","Tigers","RP","770.6","65","($25.2)","($1.9)","($22.5)","($15.8)","($31.9)","($97.4)","$60.6","($35.8)"
"Ryan Buchter","Royals","RP","657.8","55","($30.7)","($8.1)","($15.3)","($14.8)","($28.6)","($97.5)","$60.6","($36.0)"
"Emilio Pagan","Athletics","RP","999.0","45","($30.7)","($12.3)","($16.2)","($5.8)","($32.7)","($97.7)","$60.6","($36.1)"
"Chris Stratton","Giants","SP","999.0","72","($19.8)","($14.3)","($18.7)","($24.3)","($27.4)","($104.4)","$67.3","($36.1)"
"Adam Warren","Yankees","RP","872.0","40","($30.7)","($14.3)","($8.6)","($8.2)","($36.5)","($98.3)","$60.6","($36.7)"
"Tyler Chatwood","","SP","350.4","128","$2.1","($14.3)","($28.3)","($58.3)","($6.4)","($105.2)","$67.3","($36.9)"
"Dovydas Neverauskas","Pirates","RP","999.0","55","($25.2)","($10.2)","($11.3)","($20.7)","($31.1)","($98.5)","$60.6","($37.0)"
"George Kontos","Pirates","RP","780.4","40","($30.7)","($14.3)","($8.6)","($8.2)","($37.3)","($99.1)","$60.6","($37.5)"
"Carlos Estevez","Rockies","RP","847.8","45","($30.7)","($12.3)","($12.2)","($11.7)","($32.3)","($99.2)","$60.6","($37.6)"
"Fernando Salas","","RP","886.9","65","($25.2)","($14.3)","($18.5)","($13.9)","($27.4)","($99.3)","$60.6","($37.7)"
"Tyler Clippard","","RP","709.3","65","($25.2)","($14.3)","($22.5)","($13.9)","($23.7)","($99.6)","$60.6","($38.0)"
"Matt Boyd","Tigers","SP","373.7","169","$13.1","($14.3)","($71.2)","($40.4)","$6.4","($106.5)","$67.3","($38.2)"
"Brandon Kintzler","","RP","283.6","65","($25.2)","($14.3)","($10.4)","($17.8)","($32.3)","($100.2)","$60.6","($38.6)"
"Jharel Cotton","Athletics","SP","229.5","151","$2.1","($14.3)","($61.6)","($37.3)","$3.9","($107.2)","$67.3","($38.8)"
"Nik Turley","Twins","SP","999.0","72","($19.8)","($14.3)","($26.7)","($24.3)","($22.5)","($107.5)","$67.3","($39.2)"
"Peter Moylan","","RP","999.0","65","($25.2)","($14.3)","($10.4)","($21.8)","($29.0)","($100.8)","$60.6","($39.2)"
"Joaquin Benoit","","RP","499.0","65","($25.2)","($14.3)","($18.5)","($17.8)","($25.3)","($101.2)","$60.6","($39.6)"
"Mark Leiter","Phillies","SP","999.0","160","$7.6","($14.3)","($66.4)","($40.8)","$5.5","($108.4)","$67.3","($40.1)"
"Brandon Workman","Red Sox","RP","999.0","55","($25.2)","($10.2)","($19.3)","($16.8)","($30.3)","($101.8)","$60.6","($40.2)"
"Buddy Boshers","Twins","RP","1055.9","45","($30.7)","($12.3)","($12.2)","($11.7)","($35.2)","($102.1)","$60.6","($40.5)"
"Matt Grace","Nationals","RP","813.9","40","($30.7)","($14.3)","($4.6)","($14.2)","($38.5)","($102.3)","$60.6","($40.7)"
"Adam Kolarek","Rays","RP","999.0","55","($25.2)","($10.2)","($7.3)","($26.6)","($33.2)","($102.5)","$60.6","($40.9)"
"Kyle Crick","Giants","RP","999.0","40","($30.7)","($14.3)","($4.6)","($18.1)","($34.8)","($102.5)","$60.6","($40.9)"
"Jason Vargas","","SP","604.3","136","$2.1","($14.3)","($54.8)","($34.7)","($8.0)","($109.8)","$67.3","($41.5)"
"Jayson Aquino","Orioles","RP","763.9","45","($30.7)","($12.3)","($12.2)","($11.7)","($36.5)","($103.3)","$60.6","($41.7)"
"Chris Hatcher","Athletics","RP","999.0","40","($30.7)","($14.3)","($12.6)","($10.2)","($35.6)","($103.4)","$60.6","($41.9)"
"Sal Romano","Reds","SP","763.5","144","$2.1","($14.3)","($49.3)","($46.6)","($2.3)","($110.4)","$67.3","($42.1)"
"A.J. Cole","Nationals","SP","999.0","45","($25.2)","($14.3)","($20.2)","($15.7)","($35.6)","($111.0)","$67.3","($42.7)"
"Johnny Barbato","Pirates","RP","999.0","45","($30.7)","($12.3)","($12.2)","($15.7)","($33.6)","($104.4)","$60.6","($42.8)"
"Trevor Williams","Pirates","SP","677.5","104","($8.8)","($14.3)","($32.7)","($36.4)","($19.2)","($111.4)","$67.3","($43.1)"
"Hoby Milner","Phillies","RP","999.0","40","($30.7)","($14.3)","($12.6)","($10.2)","($37.3)","($105.1)","$60.6","($43.5)"
"Robby Scott","Red Sox","RP","999.9","40","($30.7)","($14.3)","($12.6)","($10.2)","($37.3)","($105.1)","$60.6","($43.5)"
"Hansel Robles","Mets","RP","856.8","45","($30.7)","($12.3)","($16.2)","($13.7)","($32.3)","($105.2)","$60.6","($43.6)"
"Bruce Rondon","Tigers","RP","550.5","40","($30.7)","($14.3)","($12.6)","($14.2)","($33.6)","($105.3)","$60.6","($43.8)"
"Jose Leclerc","Rangers","RP","999.0","65","($25.2)","($1.9)","($22.5)","($35.6)","($20.4)","($105.6)","$60.6","($44.1)"
"Jeremy Jeffress","Brewers","RP","430.7","45","($30.7)","($12.3)","($8.2)","($19.6)","($35.2)","($106.0)","$60.6","($44.4)"
"Julio Teheran","Braves","SP","95.7","179","$7.6","($14.3)","($74.4)","($43.5)","$11.7","($112.8)","$67.3","($44.5)"
"Mike Leake","Mariners","SP","339.1","186","$13.1","($14.3)","($66.6)","($44.0)","($1.5)","($113.3)","$67.3","($45.0)"
"Asher Wojciechowski","Reds","SP","999.0","73","($25.2)","($14.3)","($37.0)","($13.9)","($22.9)","($113.4)","$67.3","($45.0)"
"Andrew Triggs","Athletics","SP","354.2","108","($8.8)","($14.3)","($42.0)","($30.5)","($17.9)","($113.6)","$67.3","($45.3)"
"Tim Adleman","Reds","SP","830.9","78","($19.8)","($14.3)","($36.6)","($19.4)","($23.7)","($113.7)","$67.3","($45.4)"
"Jerad Eickhoff","Phillies","SP","200.0","46","($30.7)","($14.3)","($22.5)","($11.2)","($35.2)","($114.0)","$67.3","($45.7)"
"Ervin Santana","Twins","SP","273.6","184","$13.1","($14.3)","($78.0)","($45.0)","$10.1","($114.1)","$67.3","($45.8)"
"J.J. Hoover","Diamondbacks","RP","937.9","55","($25.2)","($10.2)","($23.3)","($20.7)","($28.2)","($107.7)","$60.6","($46.1)"
"Nick Gardewine","Rangers","RP","999.0","40","($30.7)","($14.3)","($12.6)","($14.2)","($36.5)","($108.2)","$60.6","($46.7)"
"Mike Fiers","Astros","SP","360.0","36","($30.7)","($14.3)","($19.3)","($12.1)","($38.5)","($115.0)","$67.3","($46.7)"
"JC Ramirez","Angels","SP","985.9","131","$2.1","($14.3)","($47.2)","($45.0)","($10.9)","($115.4)","$67.3","($47.1)"
"Aaron Bummer","White Sox","RP","999.0","55","($25.2)","($10.2)","($15.3)","($28.6)","($29.5)","($108.8)","$60.6","($47.2)"
"Chase Anderson","Brewers","SP","738.4","168","$7.6","($14.3)","($80.9)","($40.9)","$12.5","($116.0)","$67.3","($47.7)"
"Vance Worley","Marlins","SP/RP","999.0","68","($19.8)","($14.3)","($25.4)","($24.3)","($32.3)","($116.1)","$67.3","($47.8)"
"Lisalverto Bonilla","Reds","RP","999.0","48","($30.7)","($14.3)","($15.1)","($16.2)","($33.2)","($109.5)","$60.6","($47.9)"
"Joe Blanton","","RP","653.4","65","($25.2)","($14.3)","($26.5)","($15.8)","($27.8)","($109.7)","$60.6","($48.1)"
"Brett Anderson","","SP","497.5","141","$7.6","($14.3)","($38.4)","($58.0)","($13.4)","($116.4)","$67.3","($48.1)"
"Lance Lynn","","SP","267.0","150","$7.6","($14.3)","($59.2)","($51.6)","$1.0","($116.6)","$67.3","($48.2)"
"Hisashi Iwakuma","Mariners","SP","244.6","66","($19.8)","($14.3)","($32.8)","($17.3)","($32.7)","($117.0)","$67.3","($48.6)"
"Ubaldo Jimenez","","SP","737.3","150","$7.6","($14.3)","($59.2)","($55.6)","$4.3","($117.2)","$67.3","($48.9)"
"Aaron Sanchez","Blue Jays","SP","83.2","139","$2.1","($14.3)","($45.8)","($55.0)","($4.3)","($117.3)","$67.3","($49.0)"
"Kevin Jepsen","","RP","999.0","65","($25.2)","($14.3)","($22.5)","($21.8)","($27.0)","($110.8)","$60.6","($49.2)"
"Adalberto Mejia","Twins","SP","820.1","169","$18.5","($14.3)","($71.2)","($56.2)","$5.5","($117.7)","$67.3","($49.4)"
"Robert Gsellman","Mets","SP","284.8","90","($14.3)","($14.3)","($32.3)","($33.3)","($25.3)","($119.6)","$67.3","($51.3)"
"Erasmo Ramirez","Mariners","SP","791.6","126","($3.3)","($14.3)","($55.7)","($35.6)","($10.9)","($119.9)","$67.3","($51.6)"
"Buck Farmer","Tigers","SP","999.0","104","($8.8)","($14.3)","($48.8)","($30.5)","($17.5)","($119.9)","$67.3","($51.6)"
"Neftali Feliz","Royals","RP","249.7","45","($30.7)","($12.3)","($20.2)","($15.7)","($34.4)","($113.2)","$60.6","($51.6)"
"Jared Hughes","Brewers","RP","972.4","40","($30.7)","($14.3)","($12.6)","($18.1)","($38.1)","($113.8)","$60.6","($52.3)"
"Lucas Harrell","","RP","999.0","65","($25.2)","($14.3)","($18.5)","($27.7)","($28.2)","($113.9)","$60.6","($52.4)"
"Cole Hamels","Rangers","SP","76.7","204","$24.0","($14.3)","($80.2)","($68.8)","$18.7","($120.7)","$67.3","($52.4)"
"Jace Fry","White Sox","RP","999.0","45","($30.7)","($12.3)","($12.2)","($25.6)","($34.0)","($114.7)","$60.6","($53.1)"
"Donnie Hart","Orioles","RP","1026.9","40","($30.7)","($14.3)","($16.6)","($14.2)","($38.9)","($114.7)","$60.6","($53.1)"
"Luke Jackson","Braves","RP","999.0","45","($30.7)","($12.3)","($16.2)","($21.6)","($34.0)","($114.7)","$60.6","($53.1)"
"Kyle Gibson","Twins","SP","590.1","168","$13.1","($14.3)","($56.9)","($64.6)","$1.0","($121.7)","$67.3","($53.4)"
"Andrew Bailey","","RP","662.6","65","($25.2)","($14.3)","($26.5)","($21.8)","($27.8)","($115.6)","$60.6","($54.0)"
"Aaron Blair","Braves","SP","817.1","38","($30.7)","($14.3)","($20.0)","($19.1)","($38.5)","($122.6)","$67.3","($54.3)"
"Austin Voth","Nationals","RP","999.0","67","($19.8)","($14.3)","($27.1)","($24.8)","($30.3)","($116.2)","$60.6","($54.6)"
"Luis Perdomo","Padres","SP","485.7","153","$2.1","($14.3)","($42.2)","($64.0)","($4.8)","($123.1)","$67.3","($54.8)"
"Alfredo Simon","","RP","999.0","65","($25.2)","($14.3)","($26.5)","($19.8)","($30.7)","($116.5)","$60.6","($54.9)"
"Warwick Saupold","Tigers","RP","999.0","40","($30.7)","($14.3)","($16.6)","($16.1)","($38.9)","($116.7)","$60.6","($55.1)"
"Parker Bridwell","Angels","SP","999.0","65","($19.8)","($14.3)","($34.5)","($21.8)","($33.2)","($123.5)","$67.3","($55.2)"
"Luis Cessa","Yankees","SP/RP","754.4","36","($30.7)","($14.3)","($23.4)","($16.1)","($39.3)","($123.8)","$67.3","($55.5)"
"Andrew Moore","Mariners","SP","883.6","46","($30.7)","($14.3)","($30.5)","($11.2)","($37.7)","($124.5)","$67.3","($56.1)"
"Ricky Nolasco","","SP","368.0","147","$2.1","($14.3)","($68.3)","($41.2)","($3.9)","($125.6)","$67.3","($57.3)"
"Jason Motte","Braves","RP","999.0","40","($30.7)","($14.3)","($20.6)","($16.1)","($37.3)","($119.0)","$60.6","($57.5)"
"Ariel Miranda","Mariners","SP","541.6","81","($19.8)","($14.3)","($43.5)","($25.9)","($22.9)","($126.3)","$67.3","($58.0)"
"Drew VerHagen","Tigers","RP","999.0","55","($30.7)","($8.1)","($23.3)","($22.7)","($34.8)","($119.6)","$60.6","($58.1)"
"Mark Lowe","","RP","999.0","65","($25.2)","($14.3)","($26.5)","($25.7)","($28.2)","($120.0)","$60.6","($58.4)"
"Clayton Blackburn","Rangers","SP","999.0","81","($19.8)","($14.3)","($39.5)","($27.8)","($25.7)","($127.2)","$67.3","($58.9)"
"Ariel Hernandez","Reds","RP","999.0","45","($30.7)","($12.3)","($16.2)","($31.5)","($29.9)","($120.5)","$60.6","($58.9)"
"Amir Garrett","Reds","SP","629.0","56","($25.2)","($14.3)","($29.6)","($28.1)","($30.3)","($127.6)","$67.3","($59.3)"
"Ty Blach","Giants","SP","627.5","115","($8.8)","($14.3)","($38.2)","($40.9)","($25.3)","($127.6)","$67.3","($59.3)"
"Bryan Mitchell","Yankees","SP","775.3","91","($14.3)","($14.3)","($38.7)","($38.8)","($21.6)","($127.7)","$67.3","($59.4)"
"Matt Harvey","Mets","SP","158.9","138","($3.3)","($14.3)","($59.5)","($43.6)","($7.2)","($128.0)","$67.3","($59.6)"
"Aaron Wilkerson","Brewers","SP","999.0","82","($19.8)","($14.3)","($49.8)","($23.4)","($20.8)","($128.1)","$67.3","($59.8)"
"Shawn Morimando","Indians","RP","999.0","58","($25.2)","($14.3)","($26.3)","($23.2)","($32.7)","($121.8)","$60.6","($60.2)"
"Bartolo Colon","","SP","338.8","90","($14.3)","($14.3)","($48.4)","($23.5)","($28.2)","($128.6)","$67.3","($60.3)"
"Mike Pelfrey","","RP","999.0","65","($25.2)","($14.3)","($26.5)","($23.7)","($32.7)","($122.5)","$60.6","($60.9)"
"Jim Henderson","","RP","970.9","65","($25.2)","($14.3)","($34.5)","($23.7)","($25.7)","($123.5)","$60.6","($62.0)"
"Blaine Boyer","","RP","999.0","65","($25.2)","($14.3)","($26.5)","($25.7)","($31.9)","($123.7)","$60.6","($62.1)"
"Carlos Torres","Brewers","RP","739.7","55","($30.7)","($8.1)","($27.3)","($26.6)","($31.1)","($123.9)","$60.6","($62.3)"
"Adam Plutko","Indians","SP","972.9","37","($30.7)","($14.3)","($29.7)","($15.6)","($40.6)","($130.9)","$67.3","($62.6)"
"Gregory Infante","White Sox","RP","999.0","55","($30.7)","($8.1)","($27.3)","($28.6)","($29.5)","($124.2)","$60.6","($62.6)"
"Marco Estrada","Blue Jays","SP","195.6","192","$18.5","($14.3)","($108.5)","($47.0)","$20.0","($131.4)","$67.3","($63.0)"
"Daniel Norris","Tigers","SP","270.9","167","$7.6","($14.3)","($66.6)","($65.1)","$6.8","($131.6)","$67.3","($63.3)"
"Brent Suter","Brewers","SP","999.0","179","$13.1","($14.3)","($82.4)","($53.3)","$5.1","($131.8)","$67.3","($63.5)"
"Colby Lewis","","SP","716.2","47","($30.7)","($14.3)","($32.8)","($16.7)","($37.7)","($132.2)","$67.3","($63.9)"
"Chad Bell","Tigers","SP","999.0","104","($8.8)","($14.3)","($44.8)","($48.3)","($18.7)","($134.9)","$67.3","($66.6)"
"Connor Sadzeck","Rangers","RP","999.0","63","($25.2)","($14.3)","($29.8)","($30.6)","($28.2)","($128.3)","$60.6","($66.7)"
"Paul Blackburn","Athletics","SP","999.0","56","($25.2)","($14.3)","($29.6)","($28.1)","($38.1)","($135.4)","$67.3","($67.1)"
"Wade Miley","Orioles","SP","704.3","116","($3.3)","($14.3)","($48.5)","($58.2)","($12.2)","($136.6)","$67.3","($68.3)"
"David Holmberg","","RP","999.0","65","($25.2)","($14.3)","($30.5)","($27.7)","($32.7)","($130.5)","$60.6","($68.9)"
"Brandon Woodruff","Brewers","SP","881.9","179","$7.6","($14.3)","($82.4)","($61.2)","$13.0","($137.4)","$67.3","($69.1)"
"Antonio Senzatela","Rockies","SP","719.1","92","($14.3)","($14.3)","($49.0)","($40.3)","($20.8)","($138.7)","$67.3","($70.4)"
"Aaron Slegers","Twins","SP","999.0","91","($14.3)","($14.3)","($50.7)","($32.8)","($26.6)","($138.7)","$67.3","($70.4)"
"Chris Bassitt","Athletics","SP","989.9","133","($3.3)","($14.3)","($59.9)","($52.0)","($9.3)","($138.8)","$67.3","($70.5)"
"Tom Koehler","Blue Jays","SP/RP","616.0","66","($19.8)","($14.3)","($44.8)","($33.1)","($28.6)","($140.7)","$67.3","($72.3)"
"Steven Wright","Red Sox","SP","298.6","141","$2.1","($14.3)","($70.4)","($50.1)","($8.0)","($140.7)","$67.3","($72.4)"
"Mike Wright","Orioles","RP","999.0","45","($30.7)","($14.3)","($32.2)","($19.6)","($37.3)","($134.1)","$60.6","($72.6)"
"Dylan Bundy","Orioles","SP","234.8","194","$18.5","($14.3)","($113.1)","($52.0)","$19.5","($141.4)","$67.3","($73.0)"
"Luke Farrell","Cubs","SP","999.0","109","($8.8)","($14.3)","($60.4)","($45.8)","($12.2)","($141.5)","$67.3","($73.2)"
"Huston Street","","RP","347.2","65","($25.2)","($14.3)","($38.5)","($27.7)","($29.5)","($135.2)","$60.6","($73.6)"
"Christian Friedrich","Padres","SP","870.9","110","($14.3)","($14.3)","($46.6)","($51.3)","($16.7)","($143.2)","$67.3","($74.9)"
"Miguel Diaz","Padres","SP","999.0","91","($19.8)","($14.3)","($46.7)","($44.7)","($19.2)","($144.6)","$67.3","($76.3)"
"Kendall Graveman","Athletics","SP","343.3","151","$2.1","($14.3)","($65.6)","($57.0)","($10.1)","($144.9)","$67.3","($76.6)"
"Jason Hammel","Royals","SP","293.0","164","$2.1","($14.3)","($91.7)","($42.8)","$1.4","($145.3)","$67.3","($77.0)"
"Zach Eflin","Phillies","SP","898.0","93","($19.8)","($14.3)","($59.3)","($27.9)","($24.1)","($145.4)","$67.3","($77.1)"
"Nick Tepesch","Blue Jays","SP","999.0","54","($25.2)","($14.3)","($45.0)","($25.1)","($37.3)","($147.0)","$67.3","($78.7)"
"Homer Bailey","Reds","SP","530.2","141","($3.3)","($14.3)","($70.4)","($54.0)","($5.6)","($147.7)","$67.3","($79.4)"
"Sam Gaviglio","Royals","SP","999.0","91","($19.8)","($14.3)","($50.7)","($36.8)","($27.4)","($149.0)","$67.3","($80.6)"
"Phil Hughes","Twins","SP","730.8","91","($14.3)","($14.3)","($66.7)","($26.9)","($27.8)","($150.0)","$67.3","($81.7)"
"Jordan Lyles","Padres","SP","999.0","113","($14.3)","($14.3)","($53.6)","($51.8)","($16.7)","($150.7)","$67.3","($82.4)"
"Matt Wisler","Braves","SP","721.5","147","($3.3)","($14.3)","($80.3)","($47.1)","($5.6)","($150.7)","$67.3","($82.4)"
"Zach Davies","Brewers","SP","260.0","176","$7.6","($14.3)","($83.4)","($66.6)","$1.4","($155.4)","$67.3","($87.1)"
"Ian Kennedy","Royals","SP","223.0","167","$2.1","($14.3)","($98.6)","($53.2)","$8.4","($155.6)","$67.3","($87.3)"
"Adam Conley","Marlins","SP","330.1","122","($3.3)","($14.3)","($66.4)","($57.3)","($15.0)","($156.5)","$67.3","($88.1)"
"Andrew Faulkner","Orioles","SP","999.0","46","($30.7)","($14.3)","($38.5)","($36.9)","($36.0)","($156.5)","$67.3","($88.2)"
"Doug Fister","Rangers","SP","726.3","168","$13.1","($14.3)","($84.9)","($72.5)","$1.0","($157.7)","$67.3","($89.4)"
"Junior Guerra","Brewers","SP","276.5","80","($19.8)","($14.3)","($57.2)","($46.1)","($22.5)","($159.8)","$67.3","($91.5)"
"Jesse Hahn","Athletics","SP","818.6","134","($3.3)","($14.3)","($62.2)","($67.3)","($13.0)","($160.1)","$67.3","($91.8)"
"Tyler Wilson","Orioles","RP","999.0","67","($25.2)","($14.3)","($47.1)","($32.6)","($34.4)","($153.7)","$60.6","($92.2)"
"Braden Shipley","Diamondbacks","SP","839.7","115","($8.8)","($14.3)","($70.3)","($50.8)","($17.1)","($161.3)","$67.3","($93.0)"
"Robert Stephenson","Reds","SP","707.8","147","($3.3)","($14.3)","($80.3)","($72.8)","$8.4","($162.4)","$67.3","($94.1)"
"Jose Urena","Marlins","SP","877.0","169","$7.6","($14.3)","($83.2)","($74.0)","($0.6)","($164.6)","$67.3","($96.3)"
"Jeff Hoffman","Rockies","SP","711.4","109","($8.8)","($14.3)","($72.4)","($57.7)","($13.0)","($166.2)","$67.3","($97.9)"
"Jordan Zimmermann","Tigers","SP","294.8","168","$2.1","($14.3)","($101.0)","($46.8)","($6.8)","($166.8)","$67.3","($98.5)"
"Logan Verrett","Orioles","SP","916.0","45","($30.7)","($14.3)","($48.2)","($35.4)","($38.9)","($167.6)","$67.3","($99.3)"
"Ben Lively","Phillies","SP","909.5","159","$2.1","($14.3)","($104.1)","($49.2)","($2.7)","($168.2)","$67.3","($99.9)"
"Odrisamer Despaigne","Marlins","SP","999.0","160","$7.6","($14.3)","($74.4)","($80.3)","($7.6)","($169.1)","$67.3","($100.8)"
"Tyler Danish","White Sox","RP","999.0","53","($30.7)","($14.3)","($42.7)","($37.5)","($39.3)","($164.5)","$60.6","($103.0)"
"Yovani Gallardo","","SP","641.8","169","$7.6","($14.3)","($83.2)","($83.9)","$1.0","($172.8)","$67.3","($104.5)"
"Andrew Cashner","","SP","627.1","138","($3.3)","($14.3)","($75.5)","($67.3)","($12.6)","($173.0)","$67.3","($104.7)"
"Henderson Alvarez","","SP","951.0","137","($3.3)","($14.3)","($73.2)","($63.8)","($18.7)","($173.4)","$67.3","($105.1)"
"Jeremy Hellickson","","SP","266.5","128","($8.8)","($14.3)","($88.4)","($46.5)","($15.9)","($173.9)","$67.3","($105.5)"
"Reynaldo Lopez","White Sox","SP","999.0","148","($3.3)","($14.3)","($94.7)","($64.4)","$1.8","($174.9)","$67.3","($106.6)"
"Kyle Freeland","Rockies","SP","915.9","209","$24.0","($14.3)","($99.8)","($102.0)","$11.3","($180.8)","$67.3","($112.5)"
"Chris Beck","White Sox","SP","999.0","78","($25.2)","($14.3)","($60.6)","($53.0)","($28.2)","($181.4)","$67.3","($113.0)"
"Jake Thompson","Phillies","SP","999.0","118","($8.8)","($14.3)","($81.2)","($65.2)","($15.9)","($185.4)","$67.3","($117.1)"
"Martin Perez","Rangers","SP","416.5","174","$13.1","($14.3)","($86.8)","($91.3)","($6.8)","($186.2)","$67.3","($117.9)"
"Eddie Butler","Cubs","SP","881.6","141","$2.1","($14.3)","($86.4)","($77.7)","($14.2)","($190.6)","$67.3","($122.2)"
"Alec Asher","Orioles","SP","762.5","90","($19.8)","($14.3)","($84.4)","($47.2)","($27.0)","($192.6)","$67.3","($124.3)"
"Gabriel Ynoa","Orioles","SP","999.0","108","($14.3)","($14.3)","($90.1)","($52.2)","($24.1)","($195.0)","$67.3","($126.7)"
"Lucas Giolito","White Sox","SP","317.4","177","$2.1","($14.3)","($101.8)","($95.8)","$12.1","($197.6)","$67.3","($129.3)"
"Matt Garza","","SP","865.3","169","$7.6","($14.3)","($107.3)","($85.8)","($4.8)","($204.6)","$67.3","($136.3)"
"Travis Wood","Padres","SP","808.3","141","($8.8)","($14.3)","($94.5)","($79.7)","($8.5)","($205.7)","$67.3","($137.4)"
"Chris Tillman","","SP","298.7","169","$7.6","($14.3)","($111.3)","($89.8)","($1.5)","($209.2)","$67.3","($140.9)"
"Nick Martinez","Rangers","SP","999.0","137","($3.3)","($14.3)","($109.2)","($67.8)","($15.9)","($210.5)","$67.3","($142.2)"
"Dylan Covey","White Sox","SP","999.0","107","($14.3)","($14.3)","($83.8)","($78.4)","($22.0)","($212.8)","$67.3","($144.5)"
"A.J. Griffin","Rangers","SP","744.0","150","($3.3)","($14.3)","($147.4)","($75.3)","($3.5)","($243.8)","$67.3","($175.5)"
"James Shields","White Sox","SP","381.3","174","($3.3)","($14.3)","($138.9)","($95.3)","$6.0","($245.9)","$67.3","($177.5)"
"Carson Fulmer","White Sox","SP","688.0","147","($8.8)","($14.3)","($144.4)","($130.1)","($5.2)","($302.8)","$67.3","($234.5)"
